-- phpMyAdmin SQL Dump
-- version 4.2.11
-- http://www.phpmyadmin.net
--
-- Host: 127.0.0.1
-- Generation Time: Jun 11, 2015 at 07:35 AM
-- Server version: 5.6.21
-- PHP Version: 5.6.3

SET SQL_MODE = "NO_AUTO_VALUE_ON_ZERO";
SET time_zone = "+00:00";


/*!40101 SET @OLD_CHARACTER_SET_CLIENT=@@CHARACTER_SET_CLIENT */;
/*!40101 SET @OLD_CHARACTER_SET_RESULTS=@@CHARACTER_SET_RESULTS */;
/*!40101 SET @OLD_COLLATION_CONNECTION=@@COLLATION_CONNECTION */;
/*!40101 SET NAMES utf8 */;

--
-- Database: `powerhour`
--

-- --------------------------------------------------------

--
-- Table structure for table `playlists`
--

CREATE TABLE IF NOT EXISTS `playlists` (
  `playlistId` varchar(255) CHARACTER SET utf8 COLLATE utf8_bin NOT NULL,
  `playlistTitle` text CHARACTER SET utf8 COLLATE utf8_bin NOT NULL,
  `vid1` text CHARACTER SET utf8 COLLATE utf8_bin NOT NULL,
  `vid2` text CHARACTER SET utf8 COLLATE utf8_bin NOT NULL,
  `vid3` text CHARACTER SET utf8 COLLATE utf8_bin NOT NULL,
  `vid4` text CHARACTER SET utf8 COLLATE utf8_bin NOT NULL,
  `mostPopular` text CHARACTER SET utf8 COLLATE utf8_bin NOT NULL,
  `num_videos` int(11) NOT NULL,
  `play_count` int(11) NOT NULL
) ENGINE=InnoDB DEFAULT CHARSET=latin1;

--
-- Dumping data for table `playlists`
--

INSERT INTO `playlists` (`playlistId`, `playlistTitle`, `vid1`, `vid2`, `vid3`, `vid4`, `mostPopular`, `num_videos`, `play_count`) VALUES
('PL0B04623A28C89203', 'Top 100 Avett Bros Songs', 'RbW08aKDoQ4', 'pKFJ8V5CNJQ', 'QdYwC7TiNO0', 'NcbMdWCTIsQ', 'no', 97, 3),
('PL3JTkVjWSJNtlB0Eyr6RdHjpumy78tRNT', 'The 20 Most Popular Music Videos Of 2013', 'My2FRPA3Gf8', '3O1_3zBUKM8', 'pco91kroVgQ', 'Z8eXaXoUJRQ', 'yes', 20, 147),
('PL3WXjGTvK6cyiyJ5fgQPQjoEMB7oajLc9', 'Top Tracks for Of Monsters and Men', 'ghb6eDopW8I', 'A76a_LNIYwE', 'beiPP_MGz6I', 'wXUloVYbchg', 'no', 15, 0),
('PL46Ct9ss-Ri4O5ps3jHXi8JoZjWRQNqgQ', 'Barack Obama', 'nanOevuxpdM', 'qLSWT2UwJ-g', 'cYuZlhCPbjM', '8G2ZUWxCkrI', 'no', 20, 0),
('PL8A83124F1D79BD4F', 'the most viewed music videos on YouTube.', '450p7goxZqg', 'LDZX4ooRsWs', 'pa14VNsdSYM', 'TGtWWb9emYI', 'yes', 50, 12),
('PLDA7A33E16FD7509F', 'The Head and the Heart', 'mwaGzIPpbBI', 'xjoA4nYBD5U', 'o6G6FQkPecM', 'a_9PZUMm3Gk', 'no', 28, 1),
('PLDcnymzs18LVXfO_x0Ei0R24qDbVtyy66', 'Top Pop Music Tracks', 'rp4UwPZfRis', 'GxgqpCdOKak', 'qeMFqkcPYcg', 'vGJTaP6anOU', 'yes', 50, 7),
('PLE8F649B12AC69480', 'Recopilatorio: Elton John Greatest Hits 1970 - 2002', 'I550FJjqBHM', 'HYqfEv269bw', '5nanKk1JSjw', '1FLX63Ue5wk', 'no', 42, 2),
('PLE9499E746B11B9A0', 'Today''s Most Popular Music', 'qQkBeOisNM0', 'Y1xs_xPb46M', 'he3DJLXbebI', 'QGJuMBdaqIw', 'yes', 34, 17),
('PLNbr2c41OGTJBUHkWpTPLDTFdAtBSH1qV', 'Top Tracks for The Shins', 'zYwCmcB0XMw', 'OHTSxw6zN1E', 'M7mIyLvD-DY', 'SBVR_pjaRgM', 'no', 15, 0),
('PLSTz8jpJdr5qrbVEburBasItcSBO43xPv', 'Top Trending Music Videos of 2014 (Global)', '0KSOMA3QBU0', '2vjPBrBU-TM', 'ebXbLfLACGM', 'JXRN_LkCa_o', 'yes', 25, 4),
('PLY4gRtK2vPT35_MoDQPun1jxuZ35t49es', 'Top Tracks for The Head and the Heart', 'e2J-0EtsCpo', 'xjoA4nYBD5U', 'Wmr0_Dc5zo4', 'W6ehBjmnVsg', 'no', 15, 0),
('PLb7YSwrGOyBRt2F1u0rln7M_tYNquuTnw', 'Top Tracks for Billy Joel', 'Cx3QmqV2pHg', 'tdGzzfQ52TQ', 'a_XgQhMPeEQ', 'F5LkGKJDc3Q', 'no', 15, 0),
('PLh6vppUwmWEMdp04u-tYABoDmgn9AX12n', 'Top 100 Most Downloaded songs 2004-2014', 'tXtATeQ7GKg', 'F90Cw4l-8NY', 'kn6-c223DUU', 'bpOR_HuHRNs', 'yes', 49, 65),
('PLnG56ODjnHyIcALeFlZQozuHldfLzwzgB', 'Top Tracks for The Killers', 'gGdGFtwCNBE', 'RIZdjT1472Y', 'sZTpLvsYYHw', 'TMbyWSGYUgc', 'no', 15, 33),
('PLvLX2y1VZ-tEmqtENBW39gdozqFCN_WZc', 'Top Country Music Tracks', 'VuNIsY6JdUw', '0ggKe409_F4', 'NHxS8wlDngI', 'T1pMmg4_FWU', 'no', 500, 0),
('PLwn8mT6-a4yJ5BzBJ9fdnYYvyW5tftKDE', 'Top Tracks for Katy Perry', 'CevxZvSJLk8', 'KlyXNRrsk4A', 'kTHNpusq654', 't5Sd5c4o9UM', 'no', 15, 0),
('PLxDK1ljLuw8TkAMevx_hg9XEPqw_AXvSo', 'Top Tracks for The Avett Brothers', 'T0eSpAgqrWo', 'fBQZnHv74dQ', 'E7xUZkKd58c', 'rkVM4AxzxCE', 'no', 15, 4);

-- --------------------------------------------------------

--
-- Table structure for table `playlists_videos_map`
--

CREATE TABLE IF NOT EXISTS `playlists_videos_map` (
  `playlist_id` varchar(35) NOT NULL,
  `video_id` varchar(11) NOT NULL
) ENGINE=InnoDB DEFAULT CHARSET=latin1;

--
-- Dumping data for table `playlists_videos_map`
--

INSERT INTO `playlists_videos_map` (`playlist_id`, `video_id`) VALUES
('PL0B04623A28C89203', '0d_iTCPeOuw'),
('PL0B04623A28C89203', '0IkbrP5vkjY'),
('PL0B04623A28C89203', '0KyGZG3ZyJg'),
('PL0B04623A28C89203', '1CIcWrCAl_c'),
('PL0B04623A28C89203', '1F2zl4LqSlg'),
('PL0B04623A28C89203', '2GFLN8XDuyY'),
('PL0B04623A28C89203', '2L6XJOjCaAE'),
('PL0B04623A28C89203', '4akKfHCgPfQ'),
('PL0B04623A28C89203', '4Fs0S9GUsp8'),
('PL0B04623A28C89203', '4UNsreuPgcE'),
('PL0B04623A28C89203', '5RJb0Lw9USg'),
('PL0B04623A28C89203', '6g5xsccIVHs'),
('PL0B04623A28C89203', '7Wl4C7tWLHs'),
('PL0B04623A28C89203', '8EOrRiDYKsw'),
('PL0B04623A28C89203', 'A7BieNklO30'),
('PL0B04623A28C89203', 'A8Mq-Z_mkI4'),
('PL0B04623A28C89203', 'bC_YJZAulEQ'),
('PL0B04623A28C89203', 'bqvWgZcCY-Y'),
('PL0B04623A28C89203', 'CeSaU2k1FLw'),
('PL0B04623A28C89203', 'cO3vZlU599Q'),
('PL0B04623A28C89203', 'CXNNsbUhN-U'),
('PL0B04623A28C89203', 'd08kOFC51NU'),
('PL0B04623A28C89203', 'DkQfVAGI9_Y'),
('PL0B04623A28C89203', 'dTttXM8c66M'),
('PL0B04623A28C89203', 'E2nhCva2pdI'),
('PL0B04623A28C89203', 'E7xUZkKd58c'),
('PL0B04623A28C89203', 'eJ6wt_TbY2c'),
('PL0B04623A28C89203', 'er5FZ5GwARI'),
('PL0B04623A28C89203', 'Es1qGY-EWwA'),
('PL0B04623A28C89203', 'FL_VdoHxezs'),
('PL0B04623A28C89203', 'FOcY5tsXzuM'),
('PL0B04623A28C89203', 'FRRpXdmHGxU'),
('PL0B04623A28C89203', 'G04aHFrjHiQ'),
('PL0B04623A28C89203', 'GXf0Qi71WnY'),
('PL0B04623A28C89203', 'H1uwxwvm2EY'),
('PL0B04623A28C89203', 'h62XSKmq0cc'),
('PL0B04623A28C89203', 'HXaz-0-RMag'),
('PL0B04623A28C89203', 'hYIYY3ZAcGY'),
('PL0B04623A28C89203', 'iAMA1kjP3zo'),
('PL0B04623A28C89203', 'IDNQgvGgB2o'),
('PL0B04623A28C89203', 'iII0o-8X0ks'),
('PL0B04623A28C89203', 'iSgomt0ckEA'),
('PL0B04623A28C89203', 'I_RAi2Cfxyk'),
('PL0B04623A28C89203', 'Jpf8z2HFbBA'),
('PL0B04623A28C89203', 'KABO3F9IfEw'),
('PL0B04623A28C89203', 'KE23kBRzKmg'),
('PL0B04623A28C89203', 'kepZcongI-0'),
('PL0B04623A28C89203', 'Kqj_UNMM-eI'),
('PL0B04623A28C89203', 'lDQc6SMNwgY'),
('PL0B04623A28C89203', 'LKufPlFT-Cc'),
('PL0B04623A28C89203', 'LpwaikUTLYY'),
('PL0B04623A28C89203', 'LStLzhM3P5M'),
('PL0B04623A28C89203', 'lzq4UmZbPv0'),
('PL0B04623A28C89203', 'MqdIks-NC04'),
('PL0B04623A28C89203', 'NcbMdWCTIsQ'),
('PL0B04623A28C89203', 'nLNYDY_-pSs'),
('PL0B04623A28C89203', 'O7rnj05lwqU'),
('PL0B04623A28C89203', 'OCbojdYfMN8'),
('PL0B04623A28C89203', 'Oec5DWPImQc'),
('PL0B04623A28C89203', 'oel_7tN1IRw'),
('PL0B04623A28C89203', 'OKNAfTowygA'),
('PL0B04623A28C89203', 'oYRyP5V-fI4'),
('PL0B04623A28C89203', 'pH2PxmfpxPw'),
('PL0B04623A28C89203', 'pKFJ8V5CNJQ'),
('PL0B04623A28C89203', 'pvKFBxjF5XM'),
('PL0B04623A28C89203', 'QdYwC7TiNO0'),
('PL0B04623A28C89203', 'qUyTbowIs6A'),
('PL0B04623A28C89203', 'QxJ2K-mJ0tY'),
('PL0B04623A28C89203', 'r7p5ZgdN0KA'),
('PL0B04623A28C89203', 'RbOqbrqWNOQ'),
('PL0B04623A28C89203', 'RbW08aKDoQ4'),
('PL0B04623A28C89203', 'RdEj0qd5fO4'),
('PL0B04623A28C89203', 'ryy1FPFPc2Y'),
('PL0B04623A28C89203', 'S07nAJl9g3c'),
('PL0B04623A28C89203', 's5h5rDGIp9k'),
('PL0B04623A28C89203', 'sPhG-NzZKAY'),
('PL0B04623A28C89203', 'TKFmRK8tzFs'),
('PL0B04623A28C89203', 'TPFRqIZbd9U'),
('PL0B04623A28C89203', 'U7jqM1bOG7g'),
('PL0B04623A28C89203', 'U9QWvdg4_KU'),
('PL0B04623A28C89203', 'UCZBAZjfkRU'),
('PL0B04623A28C89203', 'Uec64aNZMl8'),
('PL0B04623A28C89203', 'V9EdbZ6WjOA'),
('PL0B04623A28C89203', 'VddGVuvSdl0'),
('PL0B04623A28C89203', 'vlfA6XqtoW8'),
('PL0B04623A28C89203', 'wRFe-4kfJpQ'),
('PL0B04623A28C89203', 'XQoANw4BYYE'),
('PL0B04623A28C89203', 'xuLGnsCyUQg'),
('PL0B04623A28C89203', 'Y0wEyf_7IMg'),
('PL0B04623A28C89203', 'yCl-3HfBeS8'),
('PL0B04623A28C89203', 'YlM93MlV-iE'),
('PL0B04623A28C89203', 'YSn6UtZmBMo'),
('PL0B04623A28C89203', 'zBPBuR1Agrs'),
('PL0B04623A28C89203', 'Zgq6oXFE8m8'),
('PL0B04623A28C89203', 'zrmGp-VjlY4'),
('PL0B04623A28C89203', 'zxmjNF-9yeE'),
('PL0B04623A28C89203', '_ClIBoSL9z0'),
('PL3JTkVjWSJNtlB0Eyr6RdHjpumy78tRNT', '2PEG82Udb90'),
('PL3JTkVjWSJNtlB0Eyr6RdHjpumy78tRNT', '3O1_3zBUKM8'),
('PL3JTkVjWSJNtlB0Eyr6RdHjpumy78tRNT', '5jlI4uzZGjU'),
('PL3JTkVjWSJNtlB0Eyr6RdHjpumy78tRNT', 'AByfaYcOm4A'),
('PL3JTkVjWSJNtlB0Eyr6RdHjpumy78tRNT', 'BofL1AaiTjo'),
('PL3JTkVjWSJNtlB0Eyr6RdHjpumy78tRNT', 'CevxZvSJLk8'),
('PL3JTkVjWSJNtlB0Eyr6RdHjpumy78tRNT', 'DGIgXP9SvB8'),
('PL3JTkVjWSJNtlB0Eyr6RdHjpumy78tRNT', 'ehcVomMexkY'),
('PL3JTkVjWSJNtlB0Eyr6RdHjpumy78tRNT', 'kYtGl1dX5qI'),
('PL3JTkVjWSJNtlB0Eyr6RdHjpumy78tRNT', 'LrUvu1mlWco'),
('PL3JTkVjWSJNtlB0Eyr6RdHjpumy78tRNT', 'mHxOltrMfX8'),
('PL3JTkVjWSJNtlB0Eyr6RdHjpumy78tRNT', 'My2FRPA3Gf8'),
('PL3JTkVjWSJNtlB0Eyr6RdHjpumy78tRNT', 'n-D1EB74Ckg'),
('PL3JTkVjWSJNtlB0Eyr6RdHjpumy78tRNT', 'pco91kroVgQ'),
('PL3JTkVjWSJNtlB0Eyr6RdHjpumy78tRNT', 'pt8VYOfr8To'),
('PL3JTkVjWSJNtlB0Eyr6RdHjpumy78tRNT', 'Tff2oE31Mlw'),
('PL3JTkVjWSJNtlB0Eyr6RdHjpumy78tRNT', 'uuZE_IRwLNI'),
('PL3JTkVjWSJNtlB0Eyr6RdHjpumy78tRNT', 'W-TE_Ys4iwM'),
('PL3JTkVjWSJNtlB0Eyr6RdHjpumy78tRNT', 'yyDUC1LUXSU'),
('PL3JTkVjWSJNtlB0Eyr6RdHjpumy78tRNT', 'Z8eXaXoUJRQ'),
('PL3WXjGTvK6cyiyJ5fgQPQjoEMB7oajLc9', '18Gyci5tw74'),
('PL3WXjGTvK6cyiyJ5fgQPQjoEMB7oajLc9', '6BBksAK0f0g'),
('PL3WXjGTvK6cyiyJ5fgQPQjoEMB7oajLc9', 'A76a_LNIYwE'),
('PL3WXjGTvK6cyiyJ5fgQPQjoEMB7oajLc9', 'aBlKPLeLU_s'),
('PL3WXjGTvK6cyiyJ5fgQPQjoEMB7oajLc9', 'beiPP_MGz6I'),
('PL3WXjGTvK6cyiyJ5fgQPQjoEMB7oajLc9', 'FubvitXV_zM'),
('PL3WXjGTvK6cyiyJ5fgQPQjoEMB7oajLc9', 'ghb6eDopW8I'),
('PL3WXjGTvK6cyiyJ5fgQPQjoEMB7oajLc9', 'H2lzxGcbz-g'),
('PL3WXjGTvK6cyiyJ5fgQPQjoEMB7oajLc9', 'H7Gr6HBMDu0'),
('PL3WXjGTvK6cyiyJ5fgQPQjoEMB7oajLc9', 'mCHUw7ACS8o'),
('PL3WXjGTvK6cyiyJ5fgQPQjoEMB7oajLc9', 'qt7ox1M_XG4'),
('PL3WXjGTvK6cyiyJ5fgQPQjoEMB7oajLc9', 'tlCkafSYNJI'),
('PL3WXjGTvK6cyiyJ5fgQPQjoEMB7oajLc9', 'uRyRymflxtU'),
('PL3WXjGTvK6cyiyJ5fgQPQjoEMB7oajLc9', 'wXUloVYbchg'),
('PL3WXjGTvK6cyiyJ5fgQPQjoEMB7oajLc9', 'XUClIslXKZo'),
('PL46Ct9ss-Ri4O5ps3jHXi8JoZjWRQNqgQ', '5hg1Tz3OT-8'),
('PL46Ct9ss-Ri4O5ps3jHXi8JoZjWRQNqgQ', '8G2ZUWxCkrI'),
('PL46Ct9ss-Ri4O5ps3jHXi8JoZjWRQNqgQ', 'A6PEboTpcfI'),
('PL46Ct9ss-Ri4O5ps3jHXi8JoZjWRQNqgQ', 'AijEQN6AuRs'),
('PL46Ct9ss-Ri4O5ps3jHXi8JoZjWRQNqgQ', 'b8tFaU571xg'),
('PL46Ct9ss-Ri4O5ps3jHXi8JoZjWRQNqgQ', 'bZLl9PxZMxU'),
('PL46Ct9ss-Ri4O5ps3jHXi8JoZjWRQNqgQ', 'cYuZlhCPbjM'),
('PL46Ct9ss-Ri4O5ps3jHXi8JoZjWRQNqgQ', 'FWLFG-nffEY'),
('PL46Ct9ss-Ri4O5ps3jHXi8JoZjWRQNqgQ', 'GlgGTBi3y3A'),
('PL46Ct9ss-Ri4O5ps3jHXi8JoZjWRQNqgQ', 'hX1YVzdnpEc'),
('PL46Ct9ss-Ri4O5ps3jHXi8JoZjWRQNqgQ', 'mw0v-7CfLvc'),
('PL46Ct9ss-Ri4O5ps3jHXi8JoZjWRQNqgQ', 'nanOevuxpdM'),
('PL46Ct9ss-Ri4O5ps3jHXi8JoZjWRQNqgQ', 'O1w_ipzsEBc'),
('PL46Ct9ss-Ri4O5ps3jHXi8JoZjWRQNqgQ', 'qLSWT2UwJ-g'),
('PL46Ct9ss-Ri4O5ps3jHXi8JoZjWRQNqgQ', 'spS5C0T3JYU'),
('PL46Ct9ss-Ri4O5ps3jHXi8JoZjWRQNqgQ', 'VHTxx1in1ro'),
('PL46Ct9ss-Ri4O5ps3jHXi8JoZjWRQNqgQ', 'wKfht-aynTY'),
('PL46Ct9ss-Ri4O5ps3jHXi8JoZjWRQNqgQ', 'wSnx4V_RewE'),
('PL46Ct9ss-Ri4O5ps3jHXi8JoZjWRQNqgQ', 'WxK2x9-KPoE'),
('PL46Ct9ss-Ri4O5ps3jHXi8JoZjWRQNqgQ', 'zSWxMli6Xvw'),
('PL85C0A81BCA868BE9', '0GUE3E9w-Vg'),
('PL85C0A81BCA868BE9', '21MZLhDkNTg'),
('PL85C0A81BCA868BE9', '7jCrEZXOB2s'),
('PL85C0A81BCA868BE9', 'B3Z0PM_b0WI'),
('PL85C0A81BCA868BE9', 'CQHnBK3NBI0'),
('PL85C0A81BCA868BE9', 'e2J-0EtsCpo'),
('PL85C0A81BCA868BE9', 'GL9n1dLcT7k'),
('PL85C0A81BCA868BE9', 'jnPRAzKV-0Y'),
('PL85C0A81BCA868BE9', 'K2OMDMNziKk'),
('PL85C0A81BCA868BE9', 'KEiINP64-Uw'),
('PL85C0A81BCA868BE9', 'TnUUgy0zPkM'),
('PL85C0A81BCA868BE9', 'vd2fY2QVF70'),
('PL85C0A81BCA868BE9', 'vNf7uPaaR1g'),
('PL8A83124F1D79BD4F', '09R8_2nJtjg'),
('PL8A83124F1D79BD4F', '0HDdjwpPM3Y'),
('PL8A83124F1D79BD4F', '0KSOMA3QBU0'),
('PL8A83124F1D79BD4F', '1G4isv_Fylg'),
('PL8A83124F1D79BD4F', '2vjPBrBU-TM'),
('PL8A83124F1D79BD4F', '3O1_3zBUKM8'),
('PL8A83124F1D79BD4F', '450p7goxZqg'),
('PL8A83124F1D79BD4F', '4GuqB1BQVr4'),
('PL8A83124F1D79BD4F', '4JipHEz53sU'),
('PL8A83124F1D79BD4F', '4m1EFMoRFvY'),
('PL8A83124F1D79BD4F', '6BTjG-dhf5s'),
('PL8A83124F1D79BD4F', '7-7knsP2n5w'),
('PL8A83124F1D79BD4F', '7PCkvCPvDXk'),
('PL8A83124F1D79BD4F', '7zp1TbLFPp8'),
('PL8A83124F1D79BD4F', '8SbUC-UaAxE'),
('PL8A83124F1D79BD4F', '8UVNT4wvIGY'),
('PL8A83124F1D79BD4F', '9bZkp7q19f0'),
('PL8A83124F1D79BD4F', 'AbPED9bisSc'),
('PL8A83124F1D79BD4F', 'AJtDXIazrMo'),
('PL8A83124F1D79BD4F', 'ASO_zypdnsQ'),
('PL8A83124F1D79BD4F', 'bbEoRnaOIbs'),
('PL8A83124F1D79BD4F', 'bdOXnTbyk0g'),
('PL8A83124F1D79BD4F', 'CdXesX6mYUE'),
('PL8A83124F1D79BD4F', 'CevxZvSJLk8'),
('PL8A83124F1D79BD4F', 'CGyEd0aKWZE'),
('PL8A83124F1D79BD4F', 'CHVhwcOg6y8'),
('PL8A83124F1D79BD4F', 'dhsy6epaJGs'),
('PL8A83124F1D79BD4F', 'e-fA-gBCkj0'),
('PL8A83124F1D79BD4F', 'e-ORhEE9VVg'),
('PL8A83124F1D79BD4F', 'ebXbLfLACGM'),
('PL8A83124F1D79BD4F', 'EPo5wWmKEaI'),
('PL8A83124F1D79BD4F', 'fLexgOxsZu0'),
('PL8A83124F1D79BD4F', 'fwK7ggA3-bU'),
('PL8A83124F1D79BD4F', 'fWNaR-rxAic'),
('PL8A83124F1D79BD4F', 'gCYcHz2k5x0'),
('PL8A83124F1D79BD4F', 'hcm55lU9knw'),
('PL8A83124F1D79BD4F', 'hHUbLv4ThOo'),
('PL8A83124F1D79BD4F', 'hiP14ED28CA'),
('PL8A83124F1D79BD4F', 'hLQl3WQQoQ0'),
('PL8A83124F1D79BD4F', 'hT_nvWreIhg'),
('PL8A83124F1D79BD4F', 'IcrbM1l_BoI'),
('PL8A83124F1D79BD4F', 'iS1g8G_njx8'),
('PL8A83124F1D79BD4F', 'j5-yKhDd64s'),
('PL8A83124F1D79BD4F', 'JF8BRvqGCNs'),
('PL8A83124F1D79BD4F', 'jofNR_WkoCE'),
('PL8A83124F1D79BD4F', 'JRfuAukYTKg'),
('PL8A83124F1D79BD4F', 'k0BWlvnBmIE'),
('PL8A83124F1D79BD4F', 'kffacxfA7G4'),
('PL8A83124F1D79BD4F', 'kHue-HaXXzg'),
('PL8A83124F1D79BD4F', 'KlyXNRrsk4A'),
('PL8A83124F1D79BD4F', 'KQ6zr6kCPj8'),
('PL8A83124F1D79BD4F', 'ktvTqknDobU'),
('PL8A83124F1D79BD4F', 'kYtGl1dX5qI'),
('PL8A83124F1D79BD4F', 'L8eRzOYhLuw'),
('PL8A83124F1D79BD4F', 'LDZX4ooRsWs'),
('PL8A83124F1D79BD4F', 'LjhCEhWiKXk'),
('PL8A83124F1D79BD4F', 'lp-EO5I60KA'),
('PL8A83124F1D79BD4F', 'LrUvu1mlWco'),
('PL8A83124F1D79BD4F', 'lWA2pjMjpBs'),
('PL8A83124F1D79BD4F', 'M11SvDtPBhA'),
('PL8A83124F1D79BD4F', 'moSFlvxnbgk'),
('PL8A83124F1D79BD4F', 'My2FRPA3Gf8'),
('PL8A83124F1D79BD4F', 'n-D1EB74Ckg'),
('PL8A83124F1D79BD4F', 'nfWlot6h_JM'),
('PL8A83124F1D79BD4F', 'nlcIKh6sBtc'),
('PL8A83124F1D79BD4F', 'NUsoVlDFqZg'),
('PL8A83124F1D79BD4F', 'O-zpOMYRi0w'),
('PL8A83124F1D79BD4F', 'o3mP3mJDL2k'),
('PL8A83124F1D79BD4F', 'OPf0YbXqDm0'),
('PL8A83124F1D79BD4F', 'OpQFFLBMEPI'),
('PL8A83124F1D79BD4F', 'o_v9MY_FMcw'),
('PL8A83124F1D79BD4F', 'pa14VNsdSYM'),
('PL8A83124F1D79BD4F', 'pB-5XG-DbAA'),
('PL8A83124F1D79BD4F', 'PIh2xe4jnpk'),
('PL8A83124F1D79BD4F', 'pRpeEdMmmQ0'),
('PL8A83124F1D79BD4F', 'QFs3PIZb3js'),
('PL8A83124F1D79BD4F', 'QGJuMBdaqIw'),
('PL8A83124F1D79BD4F', 'QJO3ROT-A4E'),
('PL8A83124F1D79BD4F', 'QK8mJJJvaes'),
('PL8A83124F1D79BD4F', 'qMxX-QOV9tI'),
('PL8A83124F1D79BD4F', 'qrO4YZeyl0I'),
('PL8A83124F1D79BD4F', 'RBumgq5yVrA'),
('PL8A83124F1D79BD4F', 'RgKAFK5djSk'),
('PL8A83124F1D79BD4F', 'rYEDA3JcQqw'),
('PL8A83124F1D79BD4F', 'SmM0653YvXU'),
('PL8A83124F1D79BD4F', 'SR6iYWJxHqs'),
('PL8A83124F1D79BD4F', 't4H_Zoh7G5A'),
('PL8A83124F1D79BD4F', 't5Sd5c4o9UM'),
('PL8A83124F1D79BD4F', 'TapXs54Ah3E'),
('PL8A83124F1D79BD4F', 'tg00YEETFzg'),
('PL8A83124F1D79BD4F', 'TGtWWb9emYI'),
('PL8A83124F1D79BD4F', 'U0CGsw6h60k'),
('PL8A83124F1D79BD4F', 'uelHwf8o7_U'),
('PL8A83124F1D79BD4F', 'VuNIsY6JdUw'),
('PL8A83124F1D79BD4F', 'W-TE_Ys4iwM'),
('PL8A83124F1D79BD4F', 'wcLNteez3c4'),
('PL8A83124F1D79BD4F', 'Y1xs_xPb46M'),
('PL8A83124F1D79BD4F', 'y6Sxv-sUYtM'),
('PL8A83124F1D79BD4F', 'Ys7-6_t7OEQ'),
('PL8A83124F1D79BD4F', 'yyDUC1LUXSU'),
('PL8A83124F1D79BD4F', '_Z5-P9v3F8w'),
('PL905B0401AEC82E43', '-z9EIoBUROQ'),
('PL905B0401AEC82E43', '0d_iTCPeOuw'),
('PL905B0401AEC82E43', '0KyGZG3ZyJg'),
('PL905B0401AEC82E43', '1CIcWrCAl_c'),
('PL905B0401AEC82E43', '2GFLN8XDuyY'),
('PL905B0401AEC82E43', '3Dl8ArCT3B0'),
('PL905B0401AEC82E43', '3jemvnK7upQ'),
('PL905B0401AEC82E43', '3K8w6cTbMpg'),
('PL905B0401AEC82E43', '6g5xsccIVHs'),
('PL905B0401AEC82E43', '9MoCfC68WV8'),
('PL905B0401AEC82E43', 'A0BlPto-u_g'),
('PL905B0401AEC82E43', 'A7BieNklO30'),
('PL905B0401AEC82E43', 'abQRt6p8T7g'),
('PL905B0401AEC82E43', 'BXlGsiLuNXM'),
('PL905B0401AEC82E43', 'CeSaU2k1FLw'),
('PL905B0401AEC82E43', 'dBNH4I0W_zM'),
('PL905B0401AEC82E43', 'DwUO9bcxmhw'),
('PL905B0401AEC82E43', 'e5CMDmxtpbc'),
('PL905B0401AEC82E43', 'E7xUZkKd58c'),
('PL905B0401AEC82E43', 'Ec8BDAtlc7E'),
('PL905B0401AEC82E43', 'eJ6wt_TbY2c'),
('PL905B0401AEC82E43', 'er5FZ5GwARI'),
('PL905B0401AEC82E43', 'FRRpXdmHGxU'),
('PL905B0401AEC82E43', 'gdX4e2VIBjY'),
('PL905B0401AEC82E43', 'H1uwxwvm2EY'),
('PL905B0401AEC82E43', 'hFofMqFem8Q'),
('PL905B0401AEC82E43', 'iEr9gMYdkHI'),
('PL905B0401AEC82E43', 'ihf9A9g6pck'),
('PL905B0401AEC82E43', 'IthXOVp-K5I'),
('PL905B0401AEC82E43', 'I_RAi2Cfxyk'),
('PL905B0401AEC82E43', 'lDQc6SMNwgY'),
('PL905B0401AEC82E43', 'LStLzhM3P5M'),
('PL905B0401AEC82E43', 'ne2KcKLizJ8'),
('PL905B0401AEC82E43', 'NXT4YJekeXc'),
('PL905B0401AEC82E43', 'OCbojdYfMN8'),
('PL905B0401AEC82E43', 'OG35_Siz_iw'),
('PL905B0401AEC82E43', 'Q1FDvQ_J1Hs'),
('PL905B0401AEC82E43', 'QnIVmqTds9o'),
('PL905B0401AEC82E43', 'R3BA7OXI8CA'),
('PL905B0401AEC82E43', 's4h53M2bxio'),
('PL905B0401AEC82E43', 'SMsJpG_Do7I'),
('PL905B0401AEC82E43', 'SRy2AURiEQo'),
('PL905B0401AEC82E43', 'TjDx6khlyoM'),
('PL905B0401AEC82E43', 'Uec64aNZMl8'),
('PL905B0401AEC82E43', 'UExzmnZLPdI'),
('PL905B0401AEC82E43', 'V9EdbZ6WjOA'),
('PL905B0401AEC82E43', 'VQ5isLBu_To'),
('PL905B0401AEC82E43', 'wRFe-4kfJpQ'),
('PL905B0401AEC82E43', 'YDqMNWae2VQ'),
('PL905B0401AEC82E43', 'YzgErzl2OBc'),
('PL905B0401AEC82E43', 'zt32TIVadHQ'),
('PL905B0401AEC82E43', 'ZWgmtmIiomI'),
('PL905B0401AEC82E43', '_c6qseqO3mA'),
('PLB2D0C29460E7C2A3', '-wR8FL_2gwI'),
('PLB2D0C29460E7C2A3', '00WCEbKM_SE'),
('PLB2D0C29460E7C2A3', '00WwUTrlvmI'),
('PLB2D0C29460E7C2A3', '01ZbUKvSAA4'),
('PLB2D0C29460E7C2A3', '08NlhjpVFsU'),
('PLB2D0C29460E7C2A3', '0bGjlvukgHU'),
('PLB2D0C29460E7C2A3', '0fsKP-EtByA'),
('PLB2D0C29460E7C2A3', '0oyxywZJsIs'),
('PLB2D0C29460E7C2A3', '0pLCDnbBEk0'),
('PLB2D0C29460E7C2A3', '0SO_fDZjG_Q'),
('PLB2D0C29460E7C2A3', '12SN_8z_n9k'),
('PLB2D0C29460E7C2A3', '1APv9t_LyOY'),
('PLB2D0C29460E7C2A3', '1DVUwWZfzMw'),
('PLB2D0C29460E7C2A3', '1G371JiLJ7A'),
('PLB2D0C29460E7C2A3', '1ldaFaym2s0'),
('PLB2D0C29460E7C2A3', '1nWNXO3CZkU'),
('PLB2D0C29460E7C2A3', '1N_HGEeyyrk'),
('PLB2D0C29460E7C2A3', '1QeLVDMv6i4'),
('PLB2D0C29460E7C2A3', '1TmkKo9Tb5A'),
('PLB2D0C29460E7C2A3', '25QyCxVkXwQ'),
('PLB2D0C29460E7C2A3', '2CkLnSG8i0U'),
('PLB2D0C29460E7C2A3', '3gkeoGIasBo'),
('PLB2D0C29460E7C2A3', '3KDfVB1g9BQ'),
('PLB2D0C29460E7C2A3', '3qoSK2ffwfM'),
('PLB2D0C29460E7C2A3', '45r2t1pGGyQ'),
('PLB2D0C29460E7C2A3', '51KD_tft5gc'),
('PLB2D0C29460E7C2A3', '5Bsdu57SFZc'),
('PLB2D0C29460E7C2A3', '5Ee86DRxtHU'),
('PLB2D0C29460E7C2A3', '5Oni8_k5twU'),
('PLB2D0C29460E7C2A3', '5qfv0OMgNpY'),
('PLB2D0C29460E7C2A3', '5VdZewCFyfg'),
('PLB2D0C29460E7C2A3', '67V0IQJgEzM'),
('PLB2D0C29460E7C2A3', '6CeTkOM9cEs'),
('PLB2D0C29460E7C2A3', '6Lm3Guw_UN0'),
('PLB2D0C29460E7C2A3', '6seKIOHbs4E'),
('PLB2D0C29460E7C2A3', '6Tzras9XRMk'),
('PLB2D0C29460E7C2A3', '6wZM0BZ9vDA'),
('PLB2D0C29460E7C2A3', '6ZxWQhiTTyw'),
('PLB2D0C29460E7C2A3', '7PvT05P3Gjo'),
('PLB2D0C29460E7C2A3', '7R9eHA6YiP8'),
('PLB2D0C29460E7C2A3', '7Zh-0dRS-4U'),
('PLB2D0C29460E7C2A3', '82ceZYlyifU'),
('PLB2D0C29460E7C2A3', '8bOlBAdPcrI'),
('PLB2D0C29460E7C2A3', '8hOsoHPoMRI'),
('PLB2D0C29460E7C2A3', '8o8nZ_dZOC0'),
('PLB2D0C29460E7C2A3', '8QXhJkKpbxg'),
('PLB2D0C29460E7C2A3', '8tKHlukQTik'),
('PLB2D0C29460E7C2A3', '8vANScWZ0Yg'),
('PLB2D0C29460E7C2A3', '8w9lkXmGHXA'),
('PLB2D0C29460E7C2A3', '9oe9vQzSKk4'),
('PLB2D0C29460E7C2A3', '9Zmp7aL79xM'),
('PLB2D0C29460E7C2A3', 'A1nyEKZWAUI'),
('PLB2D0C29460E7C2A3', 'aGHLcobLUqA'),
('PLB2D0C29460E7C2A3', 'AjeXcbx9u3U'),
('PLB2D0C29460E7C2A3', 'Ashha-whm6U'),
('PLB2D0C29460E7C2A3', 'axZ6mG__ZqU'),
('PLB2D0C29460E7C2A3', 'Ba7IDOMHo9g'),
('PLB2D0C29460E7C2A3', 'bbtFu1nWN6s'),
('PLB2D0C29460E7C2A3', 'BhKKwqvhdik'),
('PLB2D0C29460E7C2A3', 'BMfzPbONyVA'),
('PLB2D0C29460E7C2A3', 'Bse3C30tlok'),
('PLB2D0C29460E7C2A3', 'bV5WWLQpNok'),
('PLB2D0C29460E7C2A3', 'bYrD_l3juoU'),
('PLB2D0C29460E7C2A3', 'cbZe8YK0OgA'),
('PLB2D0C29460E7C2A3', 'cd0g-sMOA9g'),
('PLB2D0C29460E7C2A3', 'chppF5jqKNw'),
('PLB2D0C29460E7C2A3', 'cLHe9WOI9XQ'),
('PLB2D0C29460E7C2A3', 'CLnADKgurvc'),
('PLB2D0C29460E7C2A3', 'clTstasvcX4'),
('PLB2D0C29460E7C2A3', 'CORf1liT9cE'),
('PLB2D0C29460E7C2A3', 'Cq8fZduUkoc'),
('PLB2D0C29460E7C2A3', 'cRTjksM3YAs'),
('PLB2D0C29460E7C2A3', 'Cu6ze1wmSxA'),
('PLB2D0C29460E7C2A3', 'dgF77Wgk_f8'),
('PLB2D0C29460E7C2A3', 'DGzyDnIocug'),
('PLB2D0C29460E7C2A3', 'dJFyz73MRcg'),
('PLB2D0C29460E7C2A3', 'DlGuSboxrCw'),
('PLB2D0C29460E7C2A3', 'dm1qbbki6z4'),
('PLB2D0C29460E7C2A3', 'dODSHuvuoTM'),
('PLB2D0C29460E7C2A3', 'DvP69LI9B0Q'),
('PLB2D0C29460E7C2A3', 'DzYI0CInMIU'),
('PLB2D0C29460E7C2A3', 'e2IctxaCPqw'),
('PLB2D0C29460E7C2A3', 'E3e-cbGEAhg'),
('PLB2D0C29460E7C2A3', 'EchU-2S4SwA'),
('PLB2D0C29460E7C2A3', 'EhA6tbF_EOM'),
('PLB2D0C29460E7C2A3', 'EKnQoWWySm8'),
('PLB2D0C29460E7C2A3', 'eTJTudoiER4'),
('PLB2D0C29460E7C2A3', 'eTT1re5NI_Y'),
('PLB2D0C29460E7C2A3', 'EvNqZEBOJ_0'),
('PLB2D0C29460E7C2A3', 'Ex9AWegauJM'),
('PLB2D0C29460E7C2A3', 'FaIbELk8Tzg'),
('PLB2D0C29460E7C2A3', 'fbHbRipzRgE'),
('PLB2D0C29460E7C2A3', 'fhhLcszC-P4'),
('PLB2D0C29460E7C2A3', 'fi8kYcl2Y38'),
('PLB2D0C29460E7C2A3', 'fIXAT6fGUw4'),
('PLB2D0C29460E7C2A3', 'fS0rwuupi8M'),
('PLB2D0C29460E7C2A3', 'FZ4zTXHqGBw'),
('PLB2D0C29460E7C2A3', 'fZY8jUuEzJQ'),
('PLB2D0C29460E7C2A3', 'g0lbfEb8MMk'),
('PLB2D0C29460E7C2A3', 'G47FHWgl5O4'),
('PLB2D0C29460E7C2A3', 'GBCBv1O_Xi4'),
('PLB2D0C29460E7C2A3', 'GC_mV1IpjWA'),
('PLB2D0C29460E7C2A3', 'GibiNy4d4gc'),
('PLB2D0C29460E7C2A3', 'gjvjwiHDK-k'),
('PLB2D0C29460E7C2A3', 'gxnvxtYfsd4'),
('PLB2D0C29460E7C2A3', 'H4g4oV8lK4s'),
('PLB2D0C29460E7C2A3', 'h52izqyVWA4'),
('PLB2D0C29460E7C2A3', 'h8GUCQQZS64'),
('PLB2D0C29460E7C2A3', 'hff329Wi0P0'),
('PLB2D0C29460E7C2A3', 'HI0x0KYChq4'),
('PLB2D0C29460E7C2A3', 'hSy1agqhI7I'),
('PLB2D0C29460E7C2A3', 'HvvZ1TEQRB8'),
('PLB2D0C29460E7C2A3', 'HXppfX-mBsE'),
('PLB2D0C29460E7C2A3', 'HyRXvhusrg8'),
('PLB2D0C29460E7C2A3', 'h_eK42Sw7DY'),
('PLB2D0C29460E7C2A3', 'I--C86ZkyXQ'),
('PLB2D0C29460E7C2A3', 'I4AR-eBF9G4'),
('PLB2D0C29460E7C2A3', 'iKKdJr42wOY'),
('PLB2D0C29460E7C2A3', 'INLi7gH4oLE'),
('PLB2D0C29460E7C2A3', 'iVXSfgAnxkk'),
('PLB2D0C29460E7C2A3', 'IxqzHpKeYUE'),
('PLB2D0C29460E7C2A3', 'j08nbuPc92w'),
('PLB2D0C29460E7C2A3', 'J0VR0YjE9wU'),
('PLB2D0C29460E7C2A3', 'J6KUsPyQV6w'),
('PLB2D0C29460E7C2A3', 'J9gi161p5ME'),
('PLB2D0C29460E7C2A3', 'j9MfuWSQoWc'),
('PLB2D0C29460E7C2A3', 'J9tnMEAV3S8'),
('PLB2D0C29460E7C2A3', 'Jb7kJ-j_dKA'),
('PLB2D0C29460E7C2A3', 'je4nDvNJXsg'),
('PLB2D0C29460E7C2A3', 'Jhj25HnpSRU'),
('PLB2D0C29460E7C2A3', 'jLz2YuVLLmg'),
('PLB2D0C29460E7C2A3', 'jNeJQjN1I3g'),
('PLB2D0C29460E7C2A3', 'JPSfhQkrzEI'),
('PLB2D0C29460E7C2A3', 'jURRsAMGuZk'),
('PLB2D0C29460E7C2A3', 'K3mDfFe1nuE'),
('PLB2D0C29460E7C2A3', 'K8Ppij45zM8'),
('PLB2D0C29460E7C2A3', 'KBthi_An5qQ'),
('PLB2D0C29460E7C2A3', 'KcdQk7JBPzQ'),
('PLB2D0C29460E7C2A3', 'Kcos7xVma4U'),
('PLB2D0C29460E7C2A3', 'KhTjnzlcIeI'),
('PLB2D0C29460E7C2A3', 'kHue-HaXXzg'),
('PLB2D0C29460E7C2A3', 'khvaIwonxUk'),
('PLB2D0C29460E7C2A3', 'KiuBw_kj1-U'),
('PLB2D0C29460E7C2A3', 'kReGp7v4vG4'),
('PLB2D0C29460E7C2A3', 'kT-_tax6_ss'),
('PLB2D0C29460E7C2A3', 'KtsV4bWPHsY'),
('PLB2D0C29460E7C2A3', 'k_mpaF5-SlU'),
('PLB2D0C29460E7C2A3', 'l9PxOanFjxQ'),
('PLB2D0C29460E7C2A3', 'LcxYwwIL5zQ'),
('PLB2D0C29460E7C2A3', 'lSsx0PC5yrk'),
('PLB2D0C29460E7C2A3', 'lWtTdRmSrYQ'),
('PLB2D0C29460E7C2A3', 'm4cgLL8JaVI'),
('PLB2D0C29460E7C2A3', 'MApGw8V59Hw'),
('PLB2D0C29460E7C2A3', 'mIwa9sPFT5I'),
('PLB2D0C29460E7C2A3', 'Mlf-oPH_JnE'),
('PLB2D0C29460E7C2A3', 'mM6cLnscmO8'),
('PLB2D0C29460E7C2A3', 'moSFlvxnbgk'),
('PLB2D0C29460E7C2A3', 'mrhCuHSpRy8'),
('PLB2D0C29460E7C2A3', 'MrwQUgr-9Ng'),
('PLB2D0C29460E7C2A3', 'Ms-w4M_AYxU'),
('PLB2D0C29460E7C2A3', 'Mx1MmY1Bb50'),
('PLB2D0C29460E7C2A3', 'mzOu3FrFPoc'),
('PLB2D0C29460E7C2A3', 'N2B5hzGeCWY'),
('PLB2D0C29460E7C2A3', 'Nbrdx6nQQO4'),
('PLB2D0C29460E7C2A3', 'NDFCR1AhWRI'),
('PLB2D0C29460E7C2A3', 'nGy8m9T4v_w'),
('PLB2D0C29460E7C2A3', 'nlM60Nwc6CE'),
('PLB2D0C29460E7C2A3', 'nLx_7wEmwms'),
('PLB2D0C29460E7C2A3', 'NPW3mvAN0Rc'),
('PLB2D0C29460E7C2A3', 'nUv387M7vUU'),
('PLB2D0C29460E7C2A3', 'nwZEcdBMLLU'),
('PLB2D0C29460E7C2A3', 'o3fVD5j0Ask'),
('PLB2D0C29460E7C2A3', 'o3ygmKlaw-0'),
('PLB2D0C29460E7C2A3', 'o8ZnCT14nRc'),
('PLB2D0C29460E7C2A3', 'Oba8Pmq39yU'),
('PLB2D0C29460E7C2A3', 'oBkSy3dnIY8'),
('PLB2D0C29460E7C2A3', 'OcajSzQX4k8'),
('PLB2D0C29460E7C2A3', 'OE5Ww1QQFL0'),
('PLB2D0C29460E7C2A3', 'ofA3URC1wyk'),
('PLB2D0C29460E7C2A3', 'ok7ikZaoko4'),
('PLB2D0C29460E7C2A3', 'OPrHB4DU1cE'),
('PLB2D0C29460E7C2A3', 'oRTlfFlJ4o8'),
('PLB2D0C29460E7C2A3', 'ORx6_1gHwQs'),
('PLB2D0C29460E7C2A3', 'otL_75bDGmk'),
('PLB2D0C29460E7C2A3', 'ouAt_5UO83s'),
('PLB2D0C29460E7C2A3', 'OY1TlxJORik'),
('PLB2D0C29460E7C2A3', 'p41reE5mWFw'),
('PLB2D0C29460E7C2A3', 'Pa0lMzaljTk'),
('PLB2D0C29460E7C2A3', 'PGt4dETRQ1g'),
('PLB2D0C29460E7C2A3', 'pgYEJHJXFB4'),
('PLB2D0C29460E7C2A3', 'PmvT7B3u7II'),
('PLB2D0C29460E7C2A3', 'Po7LeNHkNNI'),
('PLB2D0C29460E7C2A3', 'PrQQZuLru9s'),
('PLB2D0C29460E7C2A3', 'qAZmHrtloD8'),
('PLB2D0C29460E7C2A3', 'qJJog4BJrUw'),
('PLB2D0C29460E7C2A3', 'qKU-_AsG6mE'),
('PLB2D0C29460E7C2A3', 'QLvvkTbHjHI'),
('PLB2D0C29460E7C2A3', 'qM1YMeDsc-M'),
('PLB2D0C29460E7C2A3', 'qokXWHEViVc'),
('PLB2D0C29460E7C2A3', 'quSKBCJP4YU'),
('PLB2D0C29460E7C2A3', 'RdsZT7WKjW8'),
('PLB2D0C29460E7C2A3', 'reAjlYM2Vy0'),
('PLB2D0C29460E7C2A3', 'RFhm-TsmuPw'),
('PLB2D0C29460E7C2A3', 'riUA1khxs68'),
('PLB2D0C29460E7C2A3', 'rKPSelEFjZU'),
('PLB2D0C29460E7C2A3', 'RPSGRd3eLuA'),
('PLB2D0C29460E7C2A3', 'Rq86f7Zddn0'),
('PLB2D0C29460E7C2A3', 'RyrYgCvxBUg'),
('PLB2D0C29460E7C2A3', 'R_N8skhI9s0'),
('PLB2D0C29460E7C2A3', 'S-FUcrQhTBY'),
('PLB2D0C29460E7C2A3', 's17XDrKuqc4'),
('PLB2D0C29460E7C2A3', 's35puUhqQJc'),
('PLB2D0C29460E7C2A3', 'S39dHg7ag7Y'),
('PLB2D0C29460E7C2A3', 'SfmAzoILaK8'),
('PLB2D0C29460E7C2A3', 'sixoYaY7hpI'),
('PLB2D0C29460E7C2A3', 'sSjHBKLgojo'),
('PLB2D0C29460E7C2A3', 'sVqSj1cxrJM'),
('PLB2D0C29460E7C2A3', 'SXKlJuO07eM'),
('PLB2D0C29460E7C2A3', 'SY5AJAaIyT4'),
('PLB2D0C29460E7C2A3', 's_Ltp3XS1t8'),
('PLB2D0C29460E7C2A3', 'T8gOh0wEgLg'),
('PLB2D0C29460E7C2A3', 'Tb75RjpvBIk'),
('PLB2D0C29460E7C2A3', 'tBRh9rzqvdI'),
('PLB2D0C29460E7C2A3', 'Tcp9z0gyXtc'),
('PLB2D0C29460E7C2A3', 'TfhuAWGscvg'),
('PLB2D0C29460E7C2A3', 'tfq-PtXpq1s'),
('PLB2D0C29460E7C2A3', 'TGDXTZFleHQ'),
('PLB2D0C29460E7C2A3', 'To8peENgvHI'),
('PLB2D0C29460E7C2A3', 'tqaHBfBSSuc'),
('PLB2D0C29460E7C2A3', 'tRFHXMQP-QU'),
('PLB2D0C29460E7C2A3', 'TtCXUFImZYE'),
('PLB2D0C29460E7C2A3', 'TwrWFOluAo8'),
('PLB2D0C29460E7C2A3', 'twZ9LTYjcDs'),
('PLB2D0C29460E7C2A3', 'TXbHShUnwxY'),
('PLB2D0C29460E7C2A3', 'txj6ROnIUIo'),
('PLB2D0C29460E7C2A3', 'u-Ra7nwZRN4'),
('PLB2D0C29460E7C2A3', 'U3NoDEu7kpg'),
('PLB2D0C29460E7C2A3', 'UfTieVPjN7E'),
('PLB2D0C29460E7C2A3', 'UG8UBMTnBOo'),
('PLB2D0C29460E7C2A3', 'uJNvZRAmeqY'),
('PLB2D0C29460E7C2A3', 'ujTCZgPr5MA'),
('PLB2D0C29460E7C2A3', 'uM0hfb69eus'),
('PLB2D0C29460E7C2A3', 'UNjkuHQGa2w'),
('PLB2D0C29460E7C2A3', 'UoJxBEQRLd0'),
('PLB2D0C29460E7C2A3', 'uQ0ODCMC6xs'),
('PLB2D0C29460E7C2A3', 'uRN295PsjiI'),
('PLB2D0C29460E7C2A3', 'uT4ySwoh27Q'),
('PLB2D0C29460E7C2A3', 'v5dQkgFg1ow'),
('PLB2D0C29460E7C2A3', 'VCH5dp0PxsY'),
('PLB2D0C29460E7C2A3', 'VcNLuH1XWfI'),
('PLB2D0C29460E7C2A3', 'vddEvqS6M4o'),
('PLB2D0C29460E7C2A3', 'VGbsrrkZm1s'),
('PLB2D0C29460E7C2A3', 'vgJizpATOEI'),
('PLB2D0C29460E7C2A3', 'vLkp_Dx6VdI'),
('PLB2D0C29460E7C2A3', 'VNKuARjkWEg'),
('PLB2D0C29460E7C2A3', 'vyDRbx8nWFg'),
('PLB2D0C29460E7C2A3', 'vyzW6zUm0JE'),
('PLB2D0C29460E7C2A3', 'w0ZHlp6atUQ'),
('PLB2D0C29460E7C2A3', 'W1jc2fPiuBQ'),
('PLB2D0C29460E7C2A3', 'W6pAiwbFQ4s'),
('PLB2D0C29460E7C2A3', 'wbVlGESh9Mc'),
('PLB2D0C29460E7C2A3', 'WiAQmImx7nM'),
('PLB2D0C29460E7C2A3', 'wJRXz1hXNn0'),
('PLB2D0C29460E7C2A3', 'wNlpuD42_BM'),
('PLB2D0C29460E7C2A3', 'w_h2VHtFNa4'),
('PLB2D0C29460E7C2A3', 'X2F_DYA42NY'),
('PLB2D0C29460E7C2A3', 'xB5ceAruYrI'),
('PLB2D0C29460E7C2A3', 'XdM2pD-oGZk'),
('PLB2D0C29460E7C2A3', 'xfkkMHieqcI'),
('PLB2D0C29460E7C2A3', 'XHrRxQVUFN4'),
('PLB2D0C29460E7C2A3', 'XkU23m6yX04'),
('PLB2D0C29460E7C2A3', 'xRYU4cqUAUs'),
('PLB2D0C29460E7C2A3', 'xSubBnIadpA'),
('PLB2D0C29460E7C2A3', 'xvdzOT3DKl0'),
('PLB2D0C29460E7C2A3', 'Y1hcc1QvM2Q'),
('PLB2D0C29460E7C2A3', 'Y8hti2R4CTY'),
('PLB2D0C29460E7C2A3', 'yaaHEVBNXA4'),
('PLB2D0C29460E7C2A3', 'yGKj_yB5_PI'),
('PLB2D0C29460E7C2A3', 'Yh2bC4c9ybY'),
('PLB2D0C29460E7C2A3', 'YPYyyP69Mto'),
('PLB2D0C29460E7C2A3', 'yRET1vsfiJM'),
('PLB2D0C29460E7C2A3', 'YziVpa8oZDg'),
('PLB2D0C29460E7C2A3', 'zB2gPZRsz0Q'),
('PLB2D0C29460E7C2A3', 'ZBtAiETTJBU'),
('PLB2D0C29460E7C2A3', 'zgnHF2CwrPs'),
('PLB2D0C29460E7C2A3', 'ZnUEDaeoF0Q'),
('PLB2D0C29460E7C2A3', 'ZWOPDbHXDgg'),
('PLB2D0C29460E7C2A3', '_I1_5mSXinQ'),
('PLB2D0C29460E7C2A3', '_lkyqLhLXQ4'),
('PLB2D0C29460E7C2A3', '_VjPRDDXCz4'),
('PLb7YSwrGOyBRt2F1u0rln7M_tYNquuTnw', '5eAQa4MOGkE'),
('PLb7YSwrGOyBRt2F1u0rln7M_tYNquuTnw', 'Al8UHnjusq0'),
('PLb7YSwrGOyBRt2F1u0rln7M_tYNquuTnw', 'a_XgQhMPeEQ'),
('PLb7YSwrGOyBRt2F1u0rln7M_tYNquuTnw', 'CuUQmkAzSZE'),
('PLb7YSwrGOyBRt2F1u0rln7M_tYNquuTnw', 'Cx3QmqV2pHg'),
('PLb7YSwrGOyBRt2F1u0rln7M_tYNquuTnw', 'eFTLKWw542g'),
('PLb7YSwrGOyBRt2F1u0rln7M_tYNquuTnw', 'F5LkGKJDc3Q'),
('PLb7YSwrGOyBRt2F1u0rln7M_tYNquuTnw', 'gxEPV4kolz0'),
('PLb7YSwrGOyBRt2F1u0rln7M_tYNquuTnw', 'h3JFEfdK_Ls'),
('PLb7YSwrGOyBRt2F1u0rln7M_tYNquuTnw', 'HaA3YZ6QdJU'),
('PLb7YSwrGOyBRt2F1u0rln7M_tYNquuTnw', 'hSq4B_zHqPM'),
('PLb7YSwrGOyBRt2F1u0rln7M_tYNquuTnw', 'nEIcTstEmnQ'),
('PLb7YSwrGOyBRt2F1u0rln7M_tYNquuTnw', 'SuFScoO4tb0'),
('PLb7YSwrGOyBRt2F1u0rln7M_tYNquuTnw', 'tdGzzfQ52TQ'),
('PLb7YSwrGOyBRt2F1u0rln7M_tYNquuTnw', 'wccRif2DaGs'),
('PLCH8zKGBEsbTWNl47k0TXyMBd1G-oaKjx', '-3hyrkzFRss'),
('PLCH8zKGBEsbTWNl47k0TXyMBd1G-oaKjx', '7SxTyvOixJA'),
('PLCH8zKGBEsbTWNl47k0TXyMBd1G-oaKjx', 'ff0oWESdmH0'),
('PLCH8zKGBEsbTWNl47k0TXyMBd1G-oaKjx', 'FufL80hJsP8'),
('PLCH8zKGBEsbTWNl47k0TXyMBd1G-oaKjx', 'gGdGFtwCNBE'),
('PLCH8zKGBEsbTWNl47k0TXyMBd1G-oaKjx', 'Hc16Y9fiCvQ'),
('PLCH8zKGBEsbTWNl47k0TXyMBd1G-oaKjx', 'Qok9Ialei4c'),
('PLCH8zKGBEsbTWNl47k0TXyMBd1G-oaKjx', 'RIZdjT1472Y'),
('PLCH8zKGBEsbTWNl47k0TXyMBd1G-oaKjx', 'sZTpLvsYYHw'),
('PLCH8zKGBEsbTWNl47k0TXyMBd1G-oaKjx', 'TG5X4kOjEX8'),
('PLCH8zKGBEsbTWNl47k0TXyMBd1G-oaKjx', 'TMbyWSGYUgc'),
('PLCH8zKGBEsbTWNl47k0TXyMBd1G-oaKjx', 'tVNGY1pInfI'),
('PLCH8zKGBEsbTWNl47k0TXyMBd1G-oaKjx', 'wrbKvxGgFfg'),
('PLCH8zKGBEsbTWNl47k0TXyMBd1G-oaKjx', 'Y5fBdpreJiU'),
('PLCH8zKGBEsbTWNl47k0TXyMBd1G-oaKjx', 'zc8hbSM1zVo'),
('PLD9AA353485B948FE', '1CIcWrCAl_c'),
('PLD9AA353485B948FE', '1F2zl4LqSlg'),
('PLD9AA353485B948FE', '5ciJ2vKgpAE'),
('PLD9AA353485B948FE', '6g5xsccIVHs'),
('PLD9AA353485B948FE', 'E7xUZkKd58c'),
('PLD9AA353485B948FE', 'hFofMqFem8Q'),
('PLD9AA353485B948FE', 'iAMA1kjP3zo'),
('PLD9AA353485B948FE', 'lDQc6SMNwgY'),
('PLD9AA353485B948FE', 'OKNAfTowygA'),
('PLD9AA353485B948FE', 'SRy2AURiEQo'),
('PLD9AA353485B948FE', 'TKFmRK8tzFs'),
('PLD9AA353485B948FE', 'UExzmnZLPdI'),
('PLD9AA353485B948FE', 'V9EdbZ6WjOA'),
('PLD9AA353485B948FE', 'YSn6UtZmBMo'),
('PLD9AA353485B948FE', 'zxmjNF-9yeE'),
('PLDA7A33E16FD7509F', '-rKpmzRdWrs'),
('PLDA7A33E16FD7509F', '2iSQGWpy0qY'),
('PLDA7A33E16FD7509F', '3oXyuJvE20g'),
('PLDA7A33E16FD7509F', '89JdR-SQjB0'),
('PLDA7A33E16FD7509F', '9C_qzTfMOIo'),
('PLDA7A33E16FD7509F', 'a_9PZUMm3Gk'),
('PLDA7A33E16FD7509F', 'B3Z0PM_b0WI'),
('PLDA7A33E16FD7509F', 'bUu0zsLIA9Q'),
('PLDA7A33E16FD7509F', 'CXXUribh-NA'),
('PLDA7A33E16FD7509F', 'E0s7nyTHAw0'),
('PLDA7A33E16FD7509F', 'epHNCodFxL8'),
('PLDA7A33E16FD7509F', 'eyn9kmuIwqA'),
('PLDA7A33E16FD7509F', 'H2hkZbVsrPY'),
('PLDA7A33E16FD7509F', 'mwaGzIPpbBI'),
('PLDA7A33E16FD7509F', 'NcbRMzH27GM'),
('PLDA7A33E16FD7509F', 'NLLvocsmnNU'),
('PLDA7A33E16FD7509F', 'o6G6FQkPecM'),
('PLDA7A33E16FD7509F', 'Q8yLwuDi2mA'),
('PLDA7A33E16FD7509F', 'qCqaGY6-rwo'),
('PLDA7A33E16FD7509F', 'SLzbujMgirQ'),
('PLDA7A33E16FD7509F', 'ugsvN-tJSrI'),
('PLDA7A33E16FD7509F', 'v3I5iNsDQI8'),
('PLDA7A33E16FD7509F', 'W6ehBjmnVsg'),
('PLDA7A33E16FD7509F', 'x9N_SG1gnRw'),
('PLDA7A33E16FD7509F', 'xjoA4nYBD5U'),
('PLDA7A33E16FD7509F', 'Zl3QnIksw1I'),
('PLDA7A33E16FD7509F', 'zLFVNQjj30g'),
('PLDA7A33E16FD7509F', 'Zo0UfKqwB94'),
('PLDcnymzs18LVXfO_x0Ei0R24qDbVtyy66', '-5Yx2TnN9mc'),
('PLDcnymzs18LVXfO_x0Ei0R24qDbVtyy66', '-aWtrEFfS4E'),
('PLDcnymzs18LVXfO_x0Ei0R24qDbVtyy66', '-CmadmM5cOk'),
('PLDcnymzs18LVXfO_x0Ei0R24qDbVtyy66', '-nbq6Ur103Q'),
('PLDcnymzs18LVXfO_x0Ei0R24qDbVtyy66', '-RP19fnff_c'),
('PLDcnymzs18LVXfO_x0Ei0R24qDbVtyy66', '-s7TCuCpB5c'),
('PLDcnymzs18LVXfO_x0Ei0R24qDbVtyy66', '-XIeMp4zQC4'),
('PLDcnymzs18LVXfO_x0Ei0R24qDbVtyy66', '0EYc7tL5Jdk'),
('PLDcnymzs18LVXfO_x0Ei0R24qDbVtyy66', '0G3_kG5FFfQ'),
('PLDcnymzs18LVXfO_x0Ei0R24qDbVtyy66', '0go2nfVXFgA'),
('PLDcnymzs18LVXfO_x0Ei0R24qDbVtyy66', '0HDdjwpPM3Y'),
('PLDcnymzs18LVXfO_x0Ei0R24qDbVtyy66', '0KSOMA3QBU0'),
('PLDcnymzs18LVXfO_x0Ei0R24qDbVtyy66', '0mYBSayCsH0'),
('PLDcnymzs18LVXfO_x0Ei0R24qDbVtyy66', '0NKUpo_xKyQ'),
('PLDcnymzs18LVXfO_x0Ei0R24qDbVtyy66', '0O4CLgXvbjU'),
('PLDcnymzs18LVXfO_x0Ei0R24qDbVtyy66', '0put0_a--Ng'),
('PLDcnymzs18LVXfO_x0Ei0R24qDbVtyy66', '14wLObGGQC4'),
('PLDcnymzs18LVXfO_x0Ei0R24qDbVtyy66', '1G4isv_Fylg'),
('PLDcnymzs18LVXfO_x0Ei0R24qDbVtyy66', '1RnPB76mjxI'),
('PLDcnymzs18LVXfO_x0Ei0R24qDbVtyy66', '1zfzka5VwRc'),
('PLDcnymzs18LVXfO_x0Ei0R24qDbVtyy66', '21LGv8Cf0us'),
('PLDcnymzs18LVXfO_x0Ei0R24qDbVtyy66', '2Abk1jAONjw'),
('PLDcnymzs18LVXfO_x0Ei0R24qDbVtyy66', '2EwViQxSJJQ'),
('PLDcnymzs18LVXfO_x0Ei0R24qDbVtyy66', '2ggzxInyzVE'),
('PLDcnymzs18LVXfO_x0Ei0R24qDbVtyy66', '2U2_VqxTjO0'),
('PLDcnymzs18LVXfO_x0Ei0R24qDbVtyy66', '2vjPBrBU-TM'),
('PLDcnymzs18LVXfO_x0Ei0R24qDbVtyy66', '2VTxYQL2SbA'),
('PLDcnymzs18LVXfO_x0Ei0R24qDbVtyy66', '2zNSgSzhBfM'),
('PLDcnymzs18LVXfO_x0Ei0R24qDbVtyy66', '36mCEZzzQ3o'),
('PLDcnymzs18LVXfO_x0Ei0R24qDbVtyy66', '3gOHvDP_vCs'),
('PLDcnymzs18LVXfO_x0Ei0R24qDbVtyy66', '3JWTaaS7LdU'),
('PLDcnymzs18LVXfO_x0Ei0R24qDbVtyy66', '3KL9mRus19o'),
('PLDcnymzs18LVXfO_x0Ei0R24qDbVtyy66', '3O1_3zBUKM8'),
('PLDcnymzs18LVXfO_x0Ei0R24qDbVtyy66', '3OnnDqH6Wj8'),
('PLDcnymzs18LVXfO_x0Ei0R24qDbVtyy66', '3rgwIp6D3ow'),
('PLDcnymzs18LVXfO_x0Ei0R24qDbVtyy66', '450p7goxZqg'),
('PLDcnymzs18LVXfO_x0Ei0R24qDbVtyy66', '47dtFZ8CFo8'),
('PLDcnymzs18LVXfO_x0Ei0R24qDbVtyy66', '47YClVMlthI'),
('PLDcnymzs18LVXfO_x0Ei0R24qDbVtyy66', '4Ba_qTPA4Ds'),
('PLDcnymzs18LVXfO_x0Ei0R24qDbVtyy66', '4fndeDfaWCg'),
('PLDcnymzs18LVXfO_x0Ei0R24qDbVtyy66', '4GuqB1BQVr4'),
('PLDcnymzs18LVXfO_x0Ei0R24qDbVtyy66', '4JipHEz53sU'),
('PLDcnymzs18LVXfO_x0Ei0R24qDbVtyy66', '4kHl4FoK1Ys'),
('PLDcnymzs18LVXfO_x0Ei0R24qDbVtyy66', '4m1EFMoRFvY'),
('PLDcnymzs18LVXfO_x0Ei0R24qDbVtyy66', '4NhKWZpkw1Q'),
('PLDcnymzs18LVXfO_x0Ei0R24qDbVtyy66', '4NZhNr4v--Y'),
('PLDcnymzs18LVXfO_x0Ei0R24qDbVtyy66', '50-_oTkmF5I'),
('PLDcnymzs18LVXfO_x0Ei0R24qDbVtyy66', '5082NM1H-io'),
('PLDcnymzs18LVXfO_x0Ei0R24qDbVtyy66', '50GQjUZ4P3M'),
('PLDcnymzs18LVXfO_x0Ei0R24qDbVtyy66', '5alVt2vw7gw'),
('PLDcnymzs18LVXfO_x0Ei0R24qDbVtyy66', '5dbEhBKGOtY'),
('PLDcnymzs18LVXfO_x0Ei0R24qDbVtyy66', '5fcTCMWx2-s'),
('PLDcnymzs18LVXfO_x0Ei0R24qDbVtyy66', '5jlI4uzZGjU'),
('PLDcnymzs18LVXfO_x0Ei0R24qDbVtyy66', '5KlN9ujUw0s'),
('PLDcnymzs18LVXfO_x0Ei0R24qDbVtyy66', '5NPBIwQyPWE'),
('PLDcnymzs18LVXfO_x0Ei0R24qDbVtyy66', '5VsSR2gf400'),
('PLDcnymzs18LVXfO_x0Ei0R24qDbVtyy66', '5yDqmd5LSBY'),
('PLDcnymzs18LVXfO_x0Ei0R24qDbVtyy66', '6g6g2mvItp4'),
('PLDcnymzs18LVXfO_x0Ei0R24qDbVtyy66', '6hcnyLlUbkY'),
('PLDcnymzs18LVXfO_x0Ei0R24qDbVtyy66', '6JCLY0Rlx6Q'),
('PLDcnymzs18LVXfO_x0Ei0R24qDbVtyy66', '6nr8hPnZfMU'),
('PLDcnymzs18LVXfO_x0Ei0R24qDbVtyy66', '6vzsXJ0D2bM'),
('PLDcnymzs18LVXfO_x0Ei0R24qDbVtyy66', '79fzeNUqQbQ'),
('PLDcnymzs18LVXfO_x0Ei0R24qDbVtyy66', '7JJfJgyHYwU'),
('PLDcnymzs18LVXfO_x0Ei0R24qDbVtyy66', '7NJqUN9TClM'),
('PLDcnymzs18LVXfO_x0Ei0R24qDbVtyy66', '7PCkvCPvDXk'),
('PLDcnymzs18LVXfO_x0Ei0R24qDbVtyy66', '7RMQksXpQSk'),
('PLDcnymzs18LVXfO_x0Ei0R24qDbVtyy66', '7spBU4Yv8fE'),
('PLDcnymzs18LVXfO_x0Ei0R24qDbVtyy66', '7_weSk0BonM'),
('PLDcnymzs18LVXfO_x0Ei0R24qDbVtyy66', '8BxqLLqv49A'),
('PLDcnymzs18LVXfO_x0Ei0R24qDbVtyy66', '8mGBaXPlri8'),
('PLDcnymzs18LVXfO_x0Ei0R24qDbVtyy66', '8v_4O44sfjM'),
('PLDcnymzs18LVXfO_x0Ei0R24qDbVtyy66', '8wxOVn99FTE'),
('PLDcnymzs18LVXfO_x0Ei0R24qDbVtyy66', '98WtmW-lfeE'),
('PLDcnymzs18LVXfO_x0Ei0R24qDbVtyy66', '9AjkUyX0rVw'),
('PLDcnymzs18LVXfO_x0Ei0R24qDbVtyy66', '9b8erWuBA44'),
('PLDcnymzs18LVXfO_x0Ei0R24qDbVtyy66', '9fL5iWgWwno'),
('PLDcnymzs18LVXfO_x0Ei0R24qDbVtyy66', '9Sc-ir2UwGU'),
('PLDcnymzs18LVXfO_x0Ei0R24qDbVtyy66', '9ycBvqm9LFQ'),
('PLDcnymzs18LVXfO_x0Ei0R24qDbVtyy66', 'A3yCcXgbKrE'),
('PLDcnymzs18LVXfO_x0Ei0R24qDbVtyy66', 'a7FdUd6ysL0'),
('PLDcnymzs18LVXfO_x0Ei0R24qDbVtyy66', 'a7SouU3ECpU'),
('PLDcnymzs18LVXfO_x0Ei0R24qDbVtyy66', 'ABhDiXbUaBE'),
('PLDcnymzs18LVXfO_x0Ei0R24qDbVtyy66', 'aBn7bjy9c4U'),
('PLDcnymzs18LVXfO_x0Ei0R24qDbVtyy66', 'AbPED9bisSc'),
('PLDcnymzs18LVXfO_x0Ei0R24qDbVtyy66', 'AByfaYcOm4A'),
('PLDcnymzs18LVXfO_x0Ei0R24qDbVtyy66', 'acvIVA9-FMQ'),
('PLDcnymzs18LVXfO_x0Ei0R24qDbVtyy66', 'AdJtw7vS1E8'),
('PLDcnymzs18LVXfO_x0Ei0R24qDbVtyy66', 'aGCdLKXNF3w'),
('PLDcnymzs18LVXfO_x0Ei0R24qDbVtyy66', 'AgFeZr5ptV8'),
('PLDcnymzs18LVXfO_x0Ei0R24qDbVtyy66', 'agrXgrAgQ0U'),
('PLDcnymzs18LVXfO_x0Ei0R24qDbVtyy66', 'aGSKrC7dGcY'),
('PLDcnymzs18LVXfO_x0Ei0R24qDbVtyy66', 'Ahha3Cqe_fk'),
('PLDcnymzs18LVXfO_x0Ei0R24qDbVtyy66', 'AI0MVQ2eEl4'),
('PLDcnymzs18LVXfO_x0Ei0R24qDbVtyy66', 'AJtDXIazrMo'),
('PLDcnymzs18LVXfO_x0Ei0R24qDbVtyy66', 'aJxrX42WcjQ'),
('PLDcnymzs18LVXfO_x0Ei0R24qDbVtyy66', 'aMWa2DLEcIw'),
('PLDcnymzs18LVXfO_x0Ei0R24qDbVtyy66', 'AOPMlIIg_38'),
('PLDcnymzs18LVXfO_x0Ei0R24qDbVtyy66', 'aplWTXEcY70'),
('PLDcnymzs18LVXfO_x0Ei0R24qDbVtyy66', 'AqajUg85Ax4'),
('PLDcnymzs18LVXfO_x0Ei0R24qDbVtyy66', 'aSZVYZTze74'),
('PLDcnymzs18LVXfO_x0Ei0R24qDbVtyy66', 'AtKZKl7Bgu0'),
('PLDcnymzs18LVXfO_x0Ei0R24qDbVtyy66', 'auzfTPp4moA'),
('PLDcnymzs18LVXfO_x0Ei0R24qDbVtyy66', 'AWpsOqh8q0M'),
('PLDcnymzs18LVXfO_x0Ei0R24qDbVtyy66', 'aYWqMwxTVXQ'),
('PLDcnymzs18LVXfO_x0Ei0R24qDbVtyy66', 'b87dBaL4qI0'),
('PLDcnymzs18LVXfO_x0Ei0R24qDbVtyy66', 'b8I-7Wk_Vbc'),
('PLDcnymzs18LVXfO_x0Ei0R24qDbVtyy66', 'B9rSBcoX9ak'),
('PLDcnymzs18LVXfO_x0Ei0R24qDbVtyy66', 'Bag1gUxuU0g'),
('PLDcnymzs18LVXfO_x0Ei0R24qDbVtyy66', 'bCfSRJENSnc'),
('PLDcnymzs18LVXfO_x0Ei0R24qDbVtyy66', 'bESGLojNYSo'),
('PLDcnymzs18LVXfO_x0Ei0R24qDbVtyy66', 'bjgFH01k0gU'),
('PLDcnymzs18LVXfO_x0Ei0R24qDbVtyy66', 'bKDdT_nyP54'),
('PLDcnymzs18LVXfO_x0Ei0R24qDbVtyy66', 'bkx9kCdaaMg'),
('PLDcnymzs18LVXfO_x0Ei0R24qDbVtyy66', 'BlSQ6qJYWog'),
('PLDcnymzs18LVXfO_x0Ei0R24qDbVtyy66', 'bnVUHWCynig'),
('PLDcnymzs18LVXfO_x0Ei0R24qDbVtyy66', 'BofL1AaiTjo'),
('PLDcnymzs18LVXfO_x0Ei0R24qDbVtyy66', 'booKP974B0k'),
('PLDcnymzs18LVXfO_x0Ei0R24qDbVtyy66', 'BPgEgaPk62M'),
('PLDcnymzs18LVXfO_x0Ei0R24qDbVtyy66', 'BPiW0tkWfeg'),
('PLDcnymzs18LVXfO_x0Ei0R24qDbVtyy66', 'bpOR_HuHRNs'),
('PLDcnymzs18LVXfO_x0Ei0R24qDbVtyy66', 'bTXJQ5ql5Fw'),
('PLDcnymzs18LVXfO_x0Ei0R24qDbVtyy66', 'BzE1mX4Px0I'),
('PLDcnymzs18LVXfO_x0Ei0R24qDbVtyy66', 'C-u5WLJ9Yk4'),
('PLDcnymzs18LVXfO_x0Ei0R24qDbVtyy66', 'C3hZL8nzw_I'),
('PLDcnymzs18LVXfO_x0Ei0R24qDbVtyy66', 'c4BLVznuWnU'),
('PLDcnymzs18LVXfO_x0Ei0R24qDbVtyy66', 'CAMWdvo71ls'),
('PLDcnymzs18LVXfO_x0Ei0R24qDbVtyy66', 'CBswx7GEARc'),
('PLDcnymzs18LVXfO_x0Ei0R24qDbVtyy66', 'CcCw1ggftuQ'),
('PLDcnymzs18LVXfO_x0Ei0R24qDbVtyy66', 'CcNo07Xp8aQ'),
('PLDcnymzs18LVXfO_x0Ei0R24qDbVtyy66', 'CduA0TULnow'),
('PLDcnymzs18LVXfO_x0Ei0R24qDbVtyy66', 'CdXesX6mYUE'),
('PLDcnymzs18LVXfO_x0Ei0R24qDbVtyy66', 'CevxZvSJLk8'),
('PLDcnymzs18LVXfO_x0Ei0R24qDbVtyy66', 'CfihYWRWRTQ'),
('PLDcnymzs18LVXfO_x0Ei0R24qDbVtyy66', 'CGyEd0aKWZE'),
('PLDcnymzs18LVXfO_x0Ei0R24qDbVtyy66', 'CIFDIcQfY5g'),
('PLDcnymzs18LVXfO_x0Ei0R24qDbVtyy66', 'cjVQ36NhbMk'),
('PLDcnymzs18LVXfO_x0Ei0R24qDbVtyy66', 'CKDwsFbq1_c'),
('PLDcnymzs18LVXfO_x0Ei0R24qDbVtyy66', 'cL4uhaQ58Rk'),
('PLDcnymzs18LVXfO_x0Ei0R24qDbVtyy66', 'cNSx1RdPl04'),
('PLDcnymzs18LVXfO_x0Ei0R24qDbVtyy66', 'cOQDsmEqVt8'),
('PLDcnymzs18LVXfO_x0Ei0R24qDbVtyy66', 'Cqz713hhz1Y'),
('PLDcnymzs18LVXfO_x0Ei0R24qDbVtyy66', 'CRiItne0SEw'),
('PLDcnymzs18LVXfO_x0Ei0R24qDbVtyy66', 'cSnkWzZ7ZAA'),
('PLDcnymzs18LVXfO_x0Ei0R24qDbVtyy66', 'cUZ_73aReb0'),
('PLDcnymzs18LVXfO_x0Ei0R24qDbVtyy66', 'CvBfHwUxHIk'),
('PLDcnymzs18LVXfO_x0Ei0R24qDbVtyy66', 'Cwkej79U3ek'),
('PLDcnymzs18LVXfO_x0Ei0R24qDbVtyy66', 'd4_6N-k5VS4'),
('PLDcnymzs18LVXfO_x0Ei0R24qDbVtyy66', 'DCCJCILiX3o'),
('PLDcnymzs18LVXfO_x0Ei0R24qDbVtyy66', 'DeumyOzKqgI'),
('PLDcnymzs18LVXfO_x0Ei0R24qDbVtyy66', 'DGIgXP9SvB8'),
('PLDcnymzs18LVXfO_x0Ei0R24qDbVtyy66', 'djV11Xbc914'),
('PLDcnymzs18LVXfO_x0Ei0R24qDbVtyy66', 'DksSPZTZES0'),
('PLDcnymzs18LVXfO_x0Ei0R24qDbVtyy66', 'dQw4w9WgXcQ'),
('PLDcnymzs18LVXfO_x0Ei0R24qDbVtyy66', 'dsUXAEzaC3Q'),
('PLDcnymzs18LVXfO_x0Ei0R24qDbVtyy66', 'Dww9UjJ4Dt8'),
('PLDcnymzs18LVXfO_x0Ei0R24qDbVtyy66', 'e-fA-gBCkj0'),
('PLDcnymzs18LVXfO_x0Ei0R24qDbVtyy66', 'e-ORhEE9VVg'),
('PLDcnymzs18LVXfO_x0Ei0R24qDbVtyy66', 'E0CazRHB0so'),
('PLDcnymzs18LVXfO_x0Ei0R24qDbVtyy66', 'e82VE8UtW8A'),
('PLDcnymzs18LVXfO_x0Ei0R24qDbVtyy66', 'ebXbLfLACGM'),
('PLDcnymzs18LVXfO_x0Ei0R24qDbVtyy66', 'ECRRRcXycjI'),
('PLDcnymzs18LVXfO_x0Ei0R24qDbVtyy66', 'eDdI7GhZSQA'),
('PLDcnymzs18LVXfO_x0Ei0R24qDbVtyy66', 'eH3giaIzONA'),
('PLDcnymzs18LVXfO_x0Ei0R24qDbVtyy66', 'EkHTsc9PU2A'),
('PLDcnymzs18LVXfO_x0Ei0R24qDbVtyy66', 'ekzHIouo8Q4'),
('PLDcnymzs18LVXfO_x0Ei0R24qDbVtyy66', 'ElGHIvVtrS4'),
('PLDcnymzs18LVXfO_x0Ei0R24qDbVtyy66', 'elueA2rofoo'),
('PLDcnymzs18LVXfO_x0Ei0R24qDbVtyy66', 'eNvUS-6PTbs'),
('PLDcnymzs18LVXfO_x0Ei0R24qDbVtyy66', 'Eo-KmOd3i7s'),
('PLDcnymzs18LVXfO_x0Ei0R24qDbVtyy66', 'EPo5wWmKEaI'),
('PLDcnymzs18LVXfO_x0Ei0R24qDbVtyy66', 'eQWG8BVeryU'),
('PLDcnymzs18LVXfO_x0Ei0R24qDbVtyy66', 'EVBsypHzF3U'),
('PLDcnymzs18LVXfO_x0Ei0R24qDbVtyy66', 'EVr__5Addjw'),
('PLDcnymzs18LVXfO_x0Ei0R24qDbVtyy66', 'F0rwOsAteXM'),
('PLDcnymzs18LVXfO_x0Ei0R24qDbVtyy66', 'F3wpq-i150c'),
('PLDcnymzs18LVXfO_x0Ei0R24qDbVtyy66', 'f4Mc-NYPHaQ'),
('PLDcnymzs18LVXfO_x0Ei0R24qDbVtyy66', 'F57P9C4SAW4'),
('PLDcnymzs18LVXfO_x0Ei0R24qDbVtyy66', 'f7ld-3nZUxA'),
('PLDcnymzs18LVXfO_x0Ei0R24qDbVtyy66', 'f7Xgad5sTeo'),
('PLDcnymzs18LVXfO_x0Ei0R24qDbVtyy66', 'F90Cw4l-8NY'),
('PLDcnymzs18LVXfO_x0Ei0R24qDbVtyy66', 'fe4EK4HSPkI'),
('PLDcnymzs18LVXfO_x0Ei0R24qDbVtyy66', 'FGViL3CYRwg'),
('PLDcnymzs18LVXfO_x0Ei0R24qDbVtyy66', 'FHp2KgyQUFk'),
('PLDcnymzs18LVXfO_x0Ei0R24qDbVtyy66', 'FJfFZqTlWrQ'),
('PLDcnymzs18LVXfO_x0Ei0R24qDbVtyy66', 'fLexgOxsZu0'),
('PLDcnymzs18LVXfO_x0Ei0R24qDbVtyy66', 'fMMNrth246k'),
('PLDcnymzs18LVXfO_x0Ei0R24qDbVtyy66', 'fnAfFpNKT_E'),
('PLDcnymzs18LVXfO_x0Ei0R24qDbVtyy66', 'FndmvPkI1Ms'),
('PLDcnymzs18LVXfO_x0Ei0R24qDbVtyy66', 'FnpJBkAMk44'),
('PLDcnymzs18LVXfO_x0Ei0R24qDbVtyy66', 'frzsccqN2OQ'),
('PLDcnymzs18LVXfO_x0Ei0R24qDbVtyy66', 'FTQbiNvZqaY'),
('PLDcnymzs18LVXfO_x0Ei0R24qDbVtyy66', 'fV4DiAyExN0'),
('PLDcnymzs18LVXfO_x0Ei0R24qDbVtyy66', 'fV8vB1BB2qc'),
('PLDcnymzs18LVXfO_x0Ei0R24qDbVtyy66', 'fwK7ggA3-bU'),
('PLDcnymzs18LVXfO_x0Ei0R24qDbVtyy66', 'fWNaR-rxAic'),
('PLDcnymzs18LVXfO_x0Ei0R24qDbVtyy66', 'fxPBu_vX9Q0'),
('PLDcnymzs18LVXfO_x0Ei0R24qDbVtyy66', 'FxYw0XPEoKE'),
('PLDcnymzs18LVXfO_x0Ei0R24qDbVtyy66', 'Fzr2Nv8NTEE'),
('PLDcnymzs18LVXfO_x0Ei0R24qDbVtyy66', 'g1MghihApUM'),
('PLDcnymzs18LVXfO_x0Ei0R24qDbVtyy66', 'g5qU7p7yOY8'),
('PLDcnymzs18LVXfO_x0Ei0R24qDbVtyy66', 'gCJ3rmiZFr8'),
('PLDcnymzs18LVXfO_x0Ei0R24qDbVtyy66', 'GemKqzILV4w'),
('PLDcnymzs18LVXfO_x0Ei0R24qDbVtyy66', 'GHIWoxFygIg'),
('PLDcnymzs18LVXfO_x0Ei0R24qDbVtyy66', 'ghPcYqn0p4Y'),
('PLDcnymzs18LVXfO_x0Ei0R24qDbVtyy66', 'gJLIiF15wjQ'),
('PLDcnymzs18LVXfO_x0Ei0R24qDbVtyy66', 'GxgqpCdOKak'),
('PLDcnymzs18LVXfO_x0Ei0R24qDbVtyy66', 'g_uoH6hJilc'),
('PLDcnymzs18LVXfO_x0Ei0R24qDbVtyy66', 'H64QG4UsrGI'),
('PLDcnymzs18LVXfO_x0Ei0R24qDbVtyy66', 'H7HmzwI67ec'),
('PLDcnymzs18LVXfO_x0Ei0R24qDbVtyy66', 'H7rhMqTQ4WI'),
('PLDcnymzs18LVXfO_x0Ei0R24qDbVtyy66', 'haECT-SerHk'),
('PLDcnymzs18LVXfO_x0Ei0R24qDbVtyy66', 'HBxt_v0WF6Y'),
('PLDcnymzs18LVXfO_x0Ei0R24qDbVtyy66', 'hcm55lU9knw'),
('PLDcnymzs18LVXfO_x0Ei0R24qDbVtyy66', 'hfOkfmPABJw'),
('PLDcnymzs18LVXfO_x0Ei0R24qDbVtyy66', 'hHUbLv4ThOo'),
('PLDcnymzs18LVXfO_x0Ei0R24qDbVtyy66', 'hLQl3WQQoQ0'),
('PLDcnymzs18LVXfO_x0Ei0R24qDbVtyy66', 'hp0_2fjPlbM'),
('PLDcnymzs18LVXfO_x0Ei0R24qDbVtyy66', 'Hr0Wv5DJhuk'),
('PLDcnymzs18LVXfO_x0Ei0R24qDbVtyy66', 'hsOrZAnQTgc'),
('PLDcnymzs18LVXfO_x0Ei0R24qDbVtyy66', 'hT_nvWreIhg'),
('PLDcnymzs18LVXfO_x0Ei0R24qDbVtyy66', 'HwctEiWLe84'),
('PLDcnymzs18LVXfO_x0Ei0R24qDbVtyy66', 'HzZ_urpj4As'),
('PLDcnymzs18LVXfO_x0Ei0R24qDbVtyy66', 'h_D3VFfhvs4'),
('PLDcnymzs18LVXfO_x0Ei0R24qDbVtyy66', 'i1zuN17t51A'),
('PLDcnymzs18LVXfO_x0Ei0R24qDbVtyy66', 'i8N6SScXb8M'),
('PLDcnymzs18LVXfO_x0Ei0R24qDbVtyy66', 'iEe_eraFWWs'),
('PLDcnymzs18LVXfO_x0Ei0R24qDbVtyy66', 'If1MMyKst8M'),
('PLDcnymzs18LVXfO_x0Ei0R24qDbVtyy66', 'ij_0p_6qTss'),
('PLDcnymzs18LVXfO_x0Ei0R24qDbVtyy66', 'inwAc-ZBpx0'),
('PLDcnymzs18LVXfO_x0Ei0R24qDbVtyy66', 'iP6XpLQM2Cs'),
('PLDcnymzs18LVXfO_x0Ei0R24qDbVtyy66', 'iqu132vTl5Y'),
('PLDcnymzs18LVXfO_x0Ei0R24qDbVtyy66', 'iS1g8G_njx8'),
('PLDcnymzs18LVXfO_x0Ei0R24qDbVtyy66', 'Iv10t488Zpo'),
('PLDcnymzs18LVXfO_x0Ei0R24qDbVtyy66', 'IvN5h9BE444'),
('PLDcnymzs18LVXfO_x0Ei0R24qDbVtyy66', 'Ix5z1bRz4Sc'),
('PLDcnymzs18LVXfO_x0Ei0R24qDbVtyy66', 'iXvy8ZeCs5M'),
('PLDcnymzs18LVXfO_x0Ei0R24qDbVtyy66', 'IxxstCcJlsc'),
('PLDcnymzs18LVXfO_x0Ei0R24qDbVtyy66', 'J-xXuYvvqkI'),
('PLDcnymzs18LVXfO_x0Ei0R24qDbVtyy66', 'J2blK3TA-lA'),
('PLDcnymzs18LVXfO_x0Ei0R24qDbVtyy66', 'j2WWrupMBAE'),
('PLDcnymzs18LVXfO_x0Ei0R24qDbVtyy66', 'J3UjJ4wKLkg'),
('PLDcnymzs18LVXfO_x0Ei0R24qDbVtyy66', 'j8fHNdrZTSI'),
('PLDcnymzs18LVXfO_x0Ei0R24qDbVtyy66', 'J9gKyRmic20'),
('PLDcnymzs18LVXfO_x0Ei0R24qDbVtyy66', 'J9NQFACZYEU'),
('PLDcnymzs18LVXfO_x0Ei0R24qDbVtyy66', 'Jbp52Z9jRg0'),
('PLDcnymzs18LVXfO_x0Ei0R24qDbVtyy66', 'JC2yu2a9sHk'),
('PLDcnymzs18LVXfO_x0Ei0R24qDbVtyy66', 'JDcuRgk-JEI'),
('PLDcnymzs18LVXfO_x0Ei0R24qDbVtyy66', 'JF8BRvqGCNs'),
('PLDcnymzs18LVXfO_x0Ei0R24qDbVtyy66', 'jHyTFXEkNEc'),
('PLDcnymzs18LVXfO_x0Ei0R24qDbVtyy66', 'JJ5ZuXUCqnM'),
('PLDcnymzs18LVXfO_x0Ei0R24qDbVtyy66', 'JkK8g6FMEXE'),
('PLDcnymzs18LVXfO_x0Ei0R24qDbVtyy66', 'JlxByc0-V40'),
('PLDcnymzs18LVXfO_x0Ei0R24qDbVtyy66', 'JmcA9LIIXWw'),
('PLDcnymzs18LVXfO_x0Ei0R24qDbVtyy66', 'jN2AdOjI4FI'),
('PLDcnymzs18LVXfO_x0Ei0R24qDbVtyy66', 'jqYxyd1iSNk'),
('PLDcnymzs18LVXfO_x0Ei0R24qDbVtyy66', 'JRfuAukYTKg'),
('PLDcnymzs18LVXfO_x0Ei0R24qDbVtyy66', 'jUe8uoKdHao'),
('PLDcnymzs18LVXfO_x0Ei0R24qDbVtyy66', 'JxiRmO2H0IE'),
('PLDcnymzs18LVXfO_x0Ei0R24qDbVtyy66', 'jYa1eI1hpDE'),
('PLDcnymzs18LVXfO_x0Ei0R24qDbVtyy66', 'k-ImCpNqbJw'),
('PLDcnymzs18LVXfO_x0Ei0R24qDbVtyy66', 'k0BWlvnBmIE'),
('PLDcnymzs18LVXfO_x0Ei0R24qDbVtyy66', 'k2C5TjS2sh4'),
('PLDcnymzs18LVXfO_x0Ei0R24qDbVtyy66', 'k4V3Mo61fJM'),
('PLDcnymzs18LVXfO_x0Ei0R24qDbVtyy66', 'K5KAc5CoCuk'),
('PLDcnymzs18LVXfO_x0Ei0R24qDbVtyy66', 'k6M5C-oKw9k'),
('PLDcnymzs18LVXfO_x0Ei0R24qDbVtyy66', 'k85mRPqvMbE'),
('PLDcnymzs18LVXfO_x0Ei0R24qDbVtyy66', 'kdEGq4z6fP0'),
('PLDcnymzs18LVXfO_x0Ei0R24qDbVtyy66', 'kffacxfA7G4'),
('PLDcnymzs18LVXfO_x0Ei0R24qDbVtyy66', 'kfVsfOSbJY0'),
('PLDcnymzs18LVXfO_x0Ei0R24qDbVtyy66', 'Kjpa0SMOug0'),
('PLDcnymzs18LVXfO_x0Ei0R24qDbVtyy66', 'KlyXNRrsk4A'),
('PLDcnymzs18LVXfO_x0Ei0R24qDbVtyy66', 'koJlIGDImiU'),
('PLDcnymzs18LVXfO_x0Ei0R24qDbVtyy66', 'kPBzTxZQG5Q'),
('PLDcnymzs18LVXfO_x0Ei0R24qDbVtyy66', 'KRaWnd3LJfs'),
('PLDcnymzs18LVXfO_x0Ei0R24qDbVtyy66', 'KrD7_e2HU0U'),
('PLDcnymzs18LVXfO_x0Ei0R24qDbVtyy66', 'kt0g4dWxEBo'),
('PLDcnymzs18LVXfO_x0Ei0R24qDbVtyy66', 'kTHNpusq654'),
('PLDcnymzs18LVXfO_x0Ei0R24qDbVtyy66', 'kVpv8-5XWOI'),
('PLDcnymzs18LVXfO_x0Ei0R24qDbVtyy66', 'kwWX0ylkP0M'),
('PLDcnymzs18LVXfO_x0Ei0R24qDbVtyy66', 'KWZGAExj-es'),
('PLDcnymzs18LVXfO_x0Ei0R24qDbVtyy66', 'kYtGl1dX5qI'),
('PLDcnymzs18LVXfO_x0Ei0R24qDbVtyy66', 'L0QtC11fI3o'),
('PLDcnymzs18LVXfO_x0Ei0R24qDbVtyy66', 'L8eRzOYhLuw'),
('PLDcnymzs18LVXfO_x0Ei0R24qDbVtyy66', 'l9PxOanFjxQ'),
('PLDcnymzs18LVXfO_x0Ei0R24qDbVtyy66', 'lcOxhH8N3Bo'),
('PLDcnymzs18LVXfO_x0Ei0R24qDbVtyy66', 'LiaYDPRedWQ'),
('PLDcnymzs18LVXfO_x0Ei0R24qDbVtyy66', 'LjhCEhWiKXk'),
('PLDcnymzs18LVXfO_x0Ei0R24qDbVtyy66', 'LkIWmsP3c_s'),
('PLDcnymzs18LVXfO_x0Ei0R24qDbVtyy66', 'loWXMtjUZWM'),
('PLDcnymzs18LVXfO_x0Ei0R24qDbVtyy66', 'LOZuxwVk7TU'),
('PLDcnymzs18LVXfO_x0Ei0R24qDbVtyy66', 'lp-EO5I60KA'),
('PLDcnymzs18LVXfO_x0Ei0R24qDbVtyy66', 'LPn0KFlbqX8'),
('PLDcnymzs18LVXfO_x0Ei0R24qDbVtyy66', 'LQzCHoOQHvY'),
('PLDcnymzs18LVXfO_x0Ei0R24qDbVtyy66', 'LrUvu1mlWco'),
('PLDcnymzs18LVXfO_x0Ei0R24qDbVtyy66', 'ltrMfT4Qz5Y'),
('PLDcnymzs18LVXfO_x0Ei0R24qDbVtyy66', 'lU9p1WRfA9w'),
('PLDcnymzs18LVXfO_x0Ei0R24qDbVtyy66', 'LupeGtJ3a3E'),
('PLDcnymzs18LVXfO_x0Ei0R24qDbVtyy66', 'lVhJ_A8XUgc'),
('PLDcnymzs18LVXfO_x0Ei0R24qDbVtyy66', 'lWA2pjMjpBs'),
('PLDcnymzs18LVXfO_x0Ei0R24qDbVtyy66', 'Lx5zz5Kxcng'),
('PLDcnymzs18LVXfO_x0Ei0R24qDbVtyy66', 'LXXQLa-5n5w'),
('PLDcnymzs18LVXfO_x0Ei0R24qDbVtyy66', 'm-M1AtrxztU'),
('PLDcnymzs18LVXfO_x0Ei0R24qDbVtyy66', 'M11SvDtPBhA'),
('PLDcnymzs18LVXfO_x0Ei0R24qDbVtyy66', 'mBCVEcjScTQ'),
('PLDcnymzs18LVXfO_x0Ei0R24qDbVtyy66', 'MbtajuiuLMU'),
('PLDcnymzs18LVXfO_x0Ei0R24qDbVtyy66', 'Mhj15W23IjA'),
('PLDcnymzs18LVXfO_x0Ei0R24qDbVtyy66', 'mIA0QJrzg38'),
('PLDcnymzs18LVXfO_x0Ei0R24qDbVtyy66', 'mk48xRzuNvA'),
('PLDcnymzs18LVXfO_x0Ei0R24qDbVtyy66', 'MMAppa1cAVo'),
('PLDcnymzs18LVXfO_x0Ei0R24qDbVtyy66', 'MU8B4XDI3Uw'),
('PLDcnymzs18LVXfO_x0Ei0R24qDbVtyy66', 'mXvmSaE0JXA'),
('PLDcnymzs18LVXfO_x0Ei0R24qDbVtyy66', 'My2FRPA3Gf8'),
('PLDcnymzs18LVXfO_x0Ei0R24qDbVtyy66', 'N-aK6JnyFmk'),
('PLDcnymzs18LVXfO_x0Ei0R24qDbVtyy66', 'n-D1EB74Ckg'),
('PLDcnymzs18LVXfO_x0Ei0R24qDbVtyy66', 'N6O2ncUKvlg'),
('PLDcnymzs18LVXfO_x0Ei0R24qDbVtyy66', 'N8QmRL4jDTg'),
('PLDcnymzs18LVXfO_x0Ei0R24qDbVtyy66', 'nCkpzqqog4k'),
('PLDcnymzs18LVXfO_x0Ei0R24qDbVtyy66', 'nEIcTstEmnQ'),
('PLDcnymzs18LVXfO_x0Ei0R24qDbVtyy66', 'NG2zyeVRcbs'),
('PLDcnymzs18LVXfO_x0Ei0R24qDbVtyy66', 'NGFToiLtXro'),
('PLDcnymzs18LVXfO_x0Ei0R24qDbVtyy66', 'NGrLb6W5YOM'),
('PLDcnymzs18LVXfO_x0Ei0R24qDbVtyy66', 'nIjVuRTm-dc'),
('PLDcnymzs18LVXfO_x0Ei0R24qDbVtyy66', 'nkqVm5aiC28'),
('PLDcnymzs18LVXfO_x0Ei0R24qDbVtyy66', 'nlcIKh6sBtc'),
('PLDcnymzs18LVXfO_x0Ei0R24qDbVtyy66', 'nlt5Wa13fFU'),
('PLDcnymzs18LVXfO_x0Ei0R24qDbVtyy66', 'nmjdaBaZe8Y'),
('PLDcnymzs18LVXfO_x0Ei0R24qDbVtyy66', 'NmugSMBh_iI'),
('PLDcnymzs18LVXfO_x0Ei0R24qDbVtyy66', 'NnOLz6qIruA'),
('PLDcnymzs18LVXfO_x0Ei0R24qDbVtyy66', 'nOqQVUbeN18'),
('PLDcnymzs18LVXfO_x0Ei0R24qDbVtyy66', 'NOubzHCUt48'),
('PLDcnymzs18LVXfO_x0Ei0R24qDbVtyy66', 'Ntn1-SocNiY'),
('PLDcnymzs18LVXfO_x0Ei0R24qDbVtyy66', 'nvfejaHz-o0'),
('PLDcnymzs18LVXfO_x0Ei0R24qDbVtyy66', 'nVUHHW1tJYA'),
('PLDcnymzs18LVXfO_x0Ei0R24qDbVtyy66', 'nzVtAfShwRw'),
('PLDcnymzs18LVXfO_x0Ei0R24qDbVtyy66', 'o-0Oect0nVQ'),
('PLDcnymzs18LVXfO_x0Ei0R24qDbVtyy66', 'O1OTWCd40bc'),
('PLDcnymzs18LVXfO_x0Ei0R24qDbVtyy66', 'o3IWTfcks4k'),
('PLDcnymzs18LVXfO_x0Ei0R24qDbVtyy66', 'o3mP3mJDL2k'),
('PLDcnymzs18LVXfO_x0Ei0R24qDbVtyy66', 'O8-DdKg5dOI'),
('PLDcnymzs18LVXfO_x0Ei0R24qDbVtyy66', 'Oa-ae6_okmg'),
('PLDcnymzs18LVXfO_x0Ei0R24qDbVtyy66', 'OaertajFKkg'),
('PLDcnymzs18LVXfO_x0Ei0R24qDbVtyy66', 'Ob7vObnFUJc'),
('PLDcnymzs18LVXfO_x0Ei0R24qDbVtyy66', 'ocDlOD1Hw9k'),
('PLDcnymzs18LVXfO_x0Ei0R24qDbVtyy66', 'Oextk-If8HQ'),
('PLDcnymzs18LVXfO_x0Ei0R24qDbVtyy66', 'oG08ukJPtR8'),
('PLDcnymzs18LVXfO_x0Ei0R24qDbVtyy66', 'oh2LWWORoiM'),
('PLDcnymzs18LVXfO_x0Ei0R24qDbVtyy66', 'oiKj0Z_Xnjc'),
('PLDcnymzs18LVXfO_x0Ei0R24qDbVtyy66', 'OJGUbwVMBeA'),
('PLDcnymzs18LVXfO_x0Ei0R24qDbVtyy66', 'okGcksYM0N8'),
('PLDcnymzs18LVXfO_x0Ei0R24qDbVtyy66', 'OK_KvknlJxA'),
('PLDcnymzs18LVXfO_x0Ei0R24qDbVtyy66', 'OMOGaugKpzs'),
('PLDcnymzs18LVXfO_x0Ei0R24qDbVtyy66', 'oOAfz0H4f00'),
('PLDcnymzs18LVXfO_x0Ei0R24qDbVtyy66', 'oofSnsGkops'),
('PLDcnymzs18LVXfO_x0Ei0R24qDbVtyy66', 'ooxpHMyyehw'),
('PLDcnymzs18LVXfO_x0Ei0R24qDbVtyy66', 'OpQFFLBMEPI'),
('PLDcnymzs18LVXfO_x0Ei0R24qDbVtyy66', 'oUbpGmR1-QM'),
('PLDcnymzs18LVXfO_x0Ei0R24qDbVtyy66', 'OUkkaqSNduU'),
('PLDcnymzs18LVXfO_x0Ei0R24qDbVtyy66', 'o_1aF54DO60'),
('PLDcnymzs18LVXfO_x0Ei0R24qDbVtyy66', 'o_v9MY_FMcw'),
('PLDcnymzs18LVXfO_x0Ei0R24qDbVtyy66', 'p1JPKLa-Ofc'),
('PLDcnymzs18LVXfO_x0Ei0R24qDbVtyy66', 'p2Rch6WvPJE'),
('PLDcnymzs18LVXfO_x0Ei0R24qDbVtyy66', 'p47fEXGabaY'),
('PLDcnymzs18LVXfO_x0Ei0R24qDbVtyy66', 'p4QqMKe3rwY'),
('PLDcnymzs18LVXfO_x0Ei0R24qDbVtyy66', 'p7IvD5DwE5k'),
('PLDcnymzs18LVXfO_x0Ei0R24qDbVtyy66', 'pa14VNsdSYM'),
('PLDcnymzs18LVXfO_x0Ei0R24qDbVtyy66', 'PaEIXFV8g2g'),
('PLDcnymzs18LVXfO_x0Ei0R24qDbVtyy66', 'pB-5XG-DbAA'),
('PLDcnymzs18LVXfO_x0Ei0R24qDbVtyy66', 'pBI3lc18k8Q'),
('PLDcnymzs18LVXfO_x0Ei0R24qDbVtyy66', 'pco91kroVgQ'),
('PLDcnymzs18LVXfO_x0Ei0R24qDbVtyy66', 'PIb6AZdTr-A'),
('PLDcnymzs18LVXfO_x0Ei0R24qDbVtyy66', 'PIh2xe4jnpk'),
('PLDcnymzs18LVXfO_x0Ei0R24qDbVtyy66', 'PivWY9wn5ps'),
('PLDcnymzs18LVXfO_x0Ei0R24qDbVtyy66', 'pNBD4OFF8cc'),
('PLDcnymzs18LVXfO_x0Ei0R24qDbVtyy66', 'pRpeEdMmmQ0'),
('PLDcnymzs18LVXfO_x0Ei0R24qDbVtyy66', 'psuRGfAaju4'),
('PLDcnymzs18LVXfO_x0Ei0R24qDbVtyy66', 'PTOFEgJ9zzI'),
('PLDcnymzs18LVXfO_x0Ei0R24qDbVtyy66', 'pUjE9H8QlA4'),
('PLDcnymzs18LVXfO_x0Ei0R24qDbVtyy66', 'PWA88-i7a7E'),
('PLDcnymzs18LVXfO_x0Ei0R24qDbVtyy66', 'Q33SoblaZbU'),
('PLDcnymzs18LVXfO_x0Ei0R24qDbVtyy66', 'q6f-LLM1H6U'),
('PLDcnymzs18LVXfO_x0Ei0R24qDbVtyy66', 'qDc_5zpBj7s'),
('PLDcnymzs18LVXfO_x0Ei0R24qDbVtyy66', 'qdySinddDHw'),
('PLDcnymzs18LVXfO_x0Ei0R24qDbVtyy66', 'qeMFqkcPYcg'),
('PLDcnymzs18LVXfO_x0Ei0R24qDbVtyy66', 'qExd-3oCTl4'),
('PLDcnymzs18LVXfO_x0Ei0R24qDbVtyy66', 'QGJuMBdaqIw'),
('PLDcnymzs18LVXfO_x0Ei0R24qDbVtyy66', 'qHm9MG9xw1o'),
('PLDcnymzs18LVXfO_x0Ei0R24qDbVtyy66', 'QJO3ROT-A4E'),
('PLDcnymzs18LVXfO_x0Ei0R24qDbVtyy66', 'qMxX-QOV9tI'),
('PLDcnymzs18LVXfO_x0Ei0R24qDbVtyy66', 'QOowQeKyNkQ'),
('PLDcnymzs18LVXfO_x0Ei0R24qDbVtyy66', 'qpgTC9MDx1o'),
('PLDcnymzs18LVXfO_x0Ei0R24qDbVtyy66', 'qQrgto184Tk'),
('PLDcnymzs18LVXfO_x0Ei0R24qDbVtyy66', 'qrO4YZeyl0I'),
('PLDcnymzs18LVXfO_x0Ei0R24qDbVtyy66', 'QrOe2h9RtWI'),
('PLDcnymzs18LVXfO_x0Ei0R24qDbVtyy66', 'Qt2mbGP6vFI'),
('PLDcnymzs18LVXfO_x0Ei0R24qDbVtyy66', 'Qti2X20w_gA'),
('PLDcnymzs18LVXfO_x0Ei0R24qDbVtyy66', 'qV5lzRHrGeg'),
('PLDcnymzs18LVXfO_x0Ei0R24qDbVtyy66', 'Qx7M4J7z3Pk'),
('PLDcnymzs18LVXfO_x0Ei0R24qDbVtyy66', 'QZ5VZT3vZng'),
('PLDcnymzs18LVXfO_x0Ei0R24qDbVtyy66', 'qzU9OrZlKb8'),
('PLDcnymzs18LVXfO_x0Ei0R24qDbVtyy66', 'q_gfD3nvh-8'),
('PLDcnymzs18LVXfO_x0Ei0R24qDbVtyy66', 'R4em3LKQCAQ'),
('PLDcnymzs18LVXfO_x0Ei0R24qDbVtyy66', 'r5yaoMjaAmE'),
('PLDcnymzs18LVXfO_x0Ei0R24qDbVtyy66', 'R7UrFYvl5TE'),
('PLDcnymzs18LVXfO_x0Ei0R24qDbVtyy66', 'Ra-Om7UMSJc'),
('PLDcnymzs18LVXfO_x0Ei0R24qDbVtyy66', 'raNGeq3_DtM'),
('PLDcnymzs18LVXfO_x0Ei0R24qDbVtyy66', 'RB-RcX5DS5A'),
('PLDcnymzs18LVXfO_x0Ei0R24qDbVtyy66', 'RbtPXFlZlHg'),
('PLDcnymzs18LVXfO_x0Ei0R24qDbVtyy66', 'RgEo_sxwZ8g'),
('PLDcnymzs18LVXfO_x0Ei0R24qDbVtyy66', 'rMqayQ-U74s'),
('PLDcnymzs18LVXfO_x0Ei0R24qDbVtyy66', 'rp4UwPZfRis'),
('PLDcnymzs18LVXfO_x0Ei0R24qDbVtyy66', 'Rr5kSrJnvyM'),
('PLDcnymzs18LVXfO_x0Ei0R24qDbVtyy66', 'rSOzN0eihsE'),
('PLDcnymzs18LVXfO_x0Ei0R24qDbVtyy66', 'rtOvBOTyX00'),
('PLDcnymzs18LVXfO_x0Ei0R24qDbVtyy66', 'Rvq7R9dwJ3U'),
('PLDcnymzs18LVXfO_x0Ei0R24qDbVtyy66', 'RwD4eJGxPc4'),
('PLDcnymzs18LVXfO_x0Ei0R24qDbVtyy66', 'rzy2wZSg5ZM'),
('PLDcnymzs18LVXfO_x0Ei0R24qDbVtyy66', 'r_8ydghbGSg'),
('PLDcnymzs18LVXfO_x0Ei0R24qDbVtyy66', 's-zRAQmKUkI'),
('PLDcnymzs18LVXfO_x0Ei0R24qDbVtyy66', 'S2Cti12XBw4'),
('PLDcnymzs18LVXfO_x0Ei0R24qDbVtyy66', 's6b33PTbGxk'),
('PLDcnymzs18LVXfO_x0Ei0R24qDbVtyy66', 's8cbak34DR0'),
('PLDcnymzs18LVXfO_x0Ei0R24qDbVtyy66', 'sAebYQgy4n4'),
('PLDcnymzs18LVXfO_x0Ei0R24qDbVtyy66', 'SbUBMklQSVU'),
('PLDcnymzs18LVXfO_x0Ei0R24qDbVtyy66', 'sehDM4ZpK5k'),
('PLDcnymzs18LVXfO_x0Ei0R24qDbVtyy66', 'SeIJmciN8mo'),
('PLDcnymzs18LVXfO_x0Ei0R24qDbVtyy66', 'ShlW5plD_40'),
('PLDcnymzs18LVXfO_x0Ei0R24qDbVtyy66', 'simluktxT5c'),
('PLDcnymzs18LVXfO_x0Ei0R24qDbVtyy66', 'SmM0653YvXU'),
('PLDcnymzs18LVXfO_x0Ei0R24qDbVtyy66', 'snFhcHHdzT0'),
('PLDcnymzs18LVXfO_x0Ei0R24qDbVtyy66', 'sOnqjkJTMaA'),
('PLDcnymzs18LVXfO_x0Ei0R24qDbVtyy66', 'sPhhZg9v9NU'),
('PLDcnymzs18LVXfO_x0Ei0R24qDbVtyy66', 'sQgd6MccwZc'),
('PLDcnymzs18LVXfO_x0Ei0R24qDbVtyy66', 'SR6iYWJxHqs'),
('PLDcnymzs18LVXfO_x0Ei0R24qDbVtyy66', 'SSCzDykng4g'),
('PLDcnymzs18LVXfO_x0Ei0R24qDbVtyy66', 'sXd2WxoOP5g'),
('PLDcnymzs18LVXfO_x0Ei0R24qDbVtyy66', 'syFZfO_wfMQ'),
('PLDcnymzs18LVXfO_x0Ei0R24qDbVtyy66', 'SYM-RJwSGQ8'),
('PLDcnymzs18LVXfO_x0Ei0R24qDbVtyy66', 'S_E2EHVxNAE'),
('PLDcnymzs18LVXfO_x0Ei0R24qDbVtyy66', 't-njAuS7eTQ');
INSERT INTO `playlists_videos_map` (`playlist_id`, `video_id`) VALUES
('PLDcnymzs18LVXfO_x0Ei0R24qDbVtyy66', 'T4cdfRohhcg'),
('PLDcnymzs18LVXfO_x0Ei0R24qDbVtyy66', 't4H_Zoh7G5A'),
('PLDcnymzs18LVXfO_x0Ei0R24qDbVtyy66', 't5Sd5c4o9UM'),
('PLDcnymzs18LVXfO_x0Ei0R24qDbVtyy66', 't5XNWFw5HVw'),
('PLDcnymzs18LVXfO_x0Ei0R24qDbVtyy66', 't5zQ8xrOo3E'),
('PLDcnymzs18LVXfO_x0Ei0R24qDbVtyy66', 'tA8AfQaUnXM'),
('PLDcnymzs18LVXfO_x0Ei0R24qDbVtyy66', 'tAp9BKosZXs'),
('PLDcnymzs18LVXfO_x0Ei0R24qDbVtyy66', 'TdrL3QxjyVw'),
('PLDcnymzs18LVXfO_x0Ei0R24qDbVtyy66', 'tg00YEETFzg'),
('PLDcnymzs18LVXfO_x0Ei0R24qDbVtyy66', 'TGtWWb9emYI'),
('PLDcnymzs18LVXfO_x0Ei0R24qDbVtyy66', 'TGx0rApSk6w'),
('PLDcnymzs18LVXfO_x0Ei0R24qDbVtyy66', 'tlYcUqEPN58'),
('PLDcnymzs18LVXfO_x0Ei0R24qDbVtyy66', 'Tm88QAI8I5A'),
('PLDcnymzs18LVXfO_x0Ei0R24qDbVtyy66', 'TOrnUquxtwA'),
('PLDcnymzs18LVXfO_x0Ei0R24qDbVtyy66', 'tov22NtCMC4'),
('PLDcnymzs18LVXfO_x0Ei0R24qDbVtyy66', 'tQmEd_UeeIk'),
('PLDcnymzs18LVXfO_x0Ei0R24qDbVtyy66', 'TR3Vdo5etCQ'),
('PLDcnymzs18LVXfO_x0Ei0R24qDbVtyy66', 'TSNerxNwWtU'),
('PLDcnymzs18LVXfO_x0Ei0R24qDbVtyy66', 'ttdU19Kwce8'),
('PLDcnymzs18LVXfO_x0Ei0R24qDbVtyy66', 'tzCbCuAzgNw'),
('PLDcnymzs18LVXfO_x0Ei0R24qDbVtyy66', 'U-PXEe-qeK4'),
('PLDcnymzs18LVXfO_x0Ei0R24qDbVtyy66', 'U0CGsw6h60k'),
('PLDcnymzs18LVXfO_x0Ei0R24qDbVtyy66', 'U8UX2bbCHJw'),
('PLDcnymzs18LVXfO_x0Ei0R24qDbVtyy66', 'UAWcs5H-qgQ'),
('PLDcnymzs18LVXfO_x0Ei0R24qDbVtyy66', 'UhQz-0QVmQ0'),
('PLDcnymzs18LVXfO_x0Ei0R24qDbVtyy66', 'UJtB55MaoD0'),
('PLDcnymzs18LVXfO_x0Ei0R24qDbVtyy66', 'uk-5nSPCZqs'),
('PLDcnymzs18LVXfO_x0Ei0R24qDbVtyy66', 'UoUmyY6CQRo'),
('PLDcnymzs18LVXfO_x0Ei0R24qDbVtyy66', 'uPoH6p2lTXs'),
('PLDcnymzs18LVXfO_x0Ei0R24qDbVtyy66', 'UpsKGvPjAgw'),
('PLDcnymzs18LVXfO_x0Ei0R24qDbVtyy66', 'UrIiLvg58SY'),
('PLDcnymzs18LVXfO_x0Ei0R24qDbVtyy66', 'uSD4vsh1zDA'),
('PLDcnymzs18LVXfO_x0Ei0R24qDbVtyy66', 'uuwfgXD8qV8'),
('PLDcnymzs18LVXfO_x0Ei0R24qDbVtyy66', 'uuZE_IRwLNI'),
('PLDcnymzs18LVXfO_x0Ei0R24qDbVtyy66', 'v9uDwppN5-w'),
('PLDcnymzs18LVXfO_x0Ei0R24qDbVtyy66', 'v9vg_7-tZNc'),
('PLDcnymzs18LVXfO_x0Ei0R24qDbVtyy66', 'VBmMU_iwe6U'),
('PLDcnymzs18LVXfO_x0Ei0R24qDbVtyy66', 'VCLxJd1d84s'),
('PLDcnymzs18LVXfO_x0Ei0R24qDbVtyy66', 'VdQY7BusJNU'),
('PLDcnymzs18LVXfO_x0Ei0R24qDbVtyy66', 'vGJTaP6anOU'),
('PLDcnymzs18LVXfO_x0Ei0R24qDbVtyy66', 'vIaH35-MLsk'),
('PLDcnymzs18LVXfO_x0Ei0R24qDbVtyy66', 'VJYfUS96f6w'),
('PLDcnymzs18LVXfO_x0Ei0R24qDbVtyy66', 'vNoKguSdy4Y'),
('PLDcnymzs18LVXfO_x0Ei0R24qDbVtyy66', 'VPRjCeoBqrI'),
('PLDcnymzs18LVXfO_x0Ei0R24qDbVtyy66', 'VRuoR--LdqQ'),
('PLDcnymzs18LVXfO_x0Ei0R24qDbVtyy66', 'VT1-sitWRtY'),
('PLDcnymzs18LVXfO_x0Ei0R24qDbVtyy66', 'vUSzL2leaFM'),
('PLDcnymzs18LVXfO_x0Ei0R24qDbVtyy66', 'VV1XWJN3nJo'),
('PLDcnymzs18LVXfO_x0Ei0R24qDbVtyy66', 'Vysgv7qVYTo'),
('PLDcnymzs18LVXfO_x0Ei0R24qDbVtyy66', 'W-TE_Ys4iwM'),
('PLDcnymzs18LVXfO_x0Ei0R24qDbVtyy66', 'W-w3WfgpcGg'),
('PLDcnymzs18LVXfO_x0Ei0R24qDbVtyy66', 'w1vNtmh1SqU'),
('PLDcnymzs18LVXfO_x0Ei0R24qDbVtyy66', 'WA4iX5D9Z64'),
('PLDcnymzs18LVXfO_x0Ei0R24qDbVtyy66', 'waU75jdUnYw'),
('PLDcnymzs18LVXfO_x0Ei0R24qDbVtyy66', 'WBKnpyoFEBo'),
('PLDcnymzs18LVXfO_x0Ei0R24qDbVtyy66', 'WcBnJw-H2wQ'),
('PLDcnymzs18LVXfO_x0Ei0R24qDbVtyy66', 'weRHyjj34ZE'),
('PLDcnymzs18LVXfO_x0Ei0R24qDbVtyy66', 'wmoR82v6G5o'),
('PLDcnymzs18LVXfO_x0Ei0R24qDbVtyy66', 'WNIPqafd4As'),
('PLDcnymzs18LVXfO_x0Ei0R24qDbVtyy66', 'WpBeGJjGMNs'),
('PLDcnymzs18LVXfO_x0Ei0R24qDbVtyy66', 'wq7ftOZBy0E'),
('PLDcnymzs18LVXfO_x0Ei0R24qDbVtyy66', 'wrNTOo4KH8c'),
('PLDcnymzs18LVXfO_x0Ei0R24qDbVtyy66', 'WtfHk2hSlqA'),
('PLDcnymzs18LVXfO_x0Ei0R24qDbVtyy66', 'wuvtoyVi7vY'),
('PLDcnymzs18LVXfO_x0Ei0R24qDbVtyy66', 'wV1FrqwZyKw'),
('PLDcnymzs18LVXfO_x0Ei0R24qDbVtyy66', 'wVyggTKDcOE'),
('PLDcnymzs18LVXfO_x0Ei0R24qDbVtyy66', 'wwCykGDEp7M'),
('PLDcnymzs18LVXfO_x0Ei0R24qDbVtyy66', 'X2BYmmTI04I'),
('PLDcnymzs18LVXfO_x0Ei0R24qDbVtyy66', 'x94m407UJSI'),
('PLDcnymzs18LVXfO_x0Ei0R24qDbVtyy66', 'XAhTt60W7qo'),
('PLDcnymzs18LVXfO_x0Ei0R24qDbVtyy66', 'XbWLawSrj08'),
('PLDcnymzs18LVXfO_x0Ei0R24qDbVtyy66', 'xeugznpGKPA'),
('PLDcnymzs18LVXfO_x0Ei0R24qDbVtyy66', 'xFrGuyw1V8s'),
('PLDcnymzs18LVXfO_x0Ei0R24qDbVtyy66', 'xGiBiHocSZM'),
('PLDcnymzs18LVXfO_x0Ei0R24qDbVtyy66', 'xGPeNN9S0Fg'),
('PLDcnymzs18LVXfO_x0Ei0R24qDbVtyy66', 'XjwZAa2EjKA'),
('PLDcnymzs18LVXfO_x0Ei0R24qDbVtyy66', 'Xn676-fLq7I'),
('PLDcnymzs18LVXfO_x0Ei0R24qDbVtyy66', 'XPpTgCho5ZA'),
('PLDcnymzs18LVXfO_x0Ei0R24qDbVtyy66', 'xQNqaERUYy4'),
('PLDcnymzs18LVXfO_x0Ei0R24qDbVtyy66', 'XUUjliDBAmk'),
('PLDcnymzs18LVXfO_x0Ei0R24qDbVtyy66', 'Y-FhDScM_2w'),
('PLDcnymzs18LVXfO_x0Ei0R24qDbVtyy66', 'Y1xs_xPb46M'),
('PLDcnymzs18LVXfO_x0Ei0R24qDbVtyy66', 'Y3XyWhrZnqE'),
('PLDcnymzs18LVXfO_x0Ei0R24qDbVtyy66', 'Y4JfPlry-iQ'),
('PLDcnymzs18LVXfO_x0Ei0R24qDbVtyy66', 'Y66j_BUCBMY'),
('PLDcnymzs18LVXfO_x0Ei0R24qDbVtyy66', 'Y8HOfcYWZoo'),
('PLDcnymzs18LVXfO_x0Ei0R24qDbVtyy66', 'y9OKiHzjCe0'),
('PLDcnymzs18LVXfO_x0Ei0R24qDbVtyy66', 'YbADVar8tjY'),
('PLDcnymzs18LVXfO_x0Ei0R24qDbVtyy66', 'YBHQbu5rbdQ'),
('PLDcnymzs18LVXfO_x0Ei0R24qDbVtyy66', 'yCC_b5WHLX0'),
('PLDcnymzs18LVXfO_x0Ei0R24qDbVtyy66', 'yd8jh9QYfEs'),
('PLDcnymzs18LVXfO_x0Ei0R24qDbVtyy66', 'YJBe8ftC4oI'),
('PLDcnymzs18LVXfO_x0Ei0R24qDbVtyy66', 'yJYXItns2ik'),
('PLDcnymzs18LVXfO_x0Ei0R24qDbVtyy66', 'YkADj0TPrJA'),
('PLDcnymzs18LVXfO_x0Ei0R24qDbVtyy66', 'yKNxeF4KMsY'),
('PLDcnymzs18LVXfO_x0Ei0R24qDbVtyy66', 'ymKLymvwD2U'),
('PLDcnymzs18LVXfO_x0Ei0R24qDbVtyy66', 'YQl5SLEYGLA'),
('PLDcnymzs18LVXfO_x0Ei0R24qDbVtyy66', 'Ys7-6_t7OEQ'),
('PLDcnymzs18LVXfO_x0Ei0R24qDbVtyy66', 'yTCDVfMz15M'),
('PLDcnymzs18LVXfO_x0Ei0R24qDbVtyy66', 'yw04QD1LaB0'),
('PLDcnymzs18LVXfO_x0Ei0R24qDbVtyy66', 'yXQViqx6GMY'),
('PLDcnymzs18LVXfO_x0Ei0R24qDbVtyy66', 'yyDUC1LUXSU'),
('PLDcnymzs18LVXfO_x0Ei0R24qDbVtyy66', 'YYRbVRaphcI'),
('PLDcnymzs18LVXfO_x0Ei0R24qDbVtyy66', 'Z1ZKaR-9Kt4'),
('PLDcnymzs18LVXfO_x0Ei0R24qDbVtyy66', 'Z8eXaXoUJRQ'),
('PLDcnymzs18LVXfO_x0Ei0R24qDbVtyy66', 'ZaI2IlHwmgQ'),
('PLDcnymzs18LVXfO_x0Ei0R24qDbVtyy66', 'zCiKbnOv3Pk'),
('PLDcnymzs18LVXfO_x0Ei0R24qDbVtyy66', 'ZDB7dnR8wA0'),
('PLDcnymzs18LVXfO_x0Ei0R24qDbVtyy66', 'zDKO6XYXioc'),
('PLDcnymzs18LVXfO_x0Ei0R24qDbVtyy66', 'ZhU_jZeSy9w'),
('PLDcnymzs18LVXfO_x0Ei0R24qDbVtyy66', 'Zi_XLOBDo_Y'),
('PLDcnymzs18LVXfO_x0Ei0R24qDbVtyy66', 'zKCrSN9oXgQ'),
('PLDcnymzs18LVXfO_x0Ei0R24qDbVtyy66', 'zkq2ET9ddLQ'),
('PLDcnymzs18LVXfO_x0Ei0R24qDbVtyy66', 'Zlot0i3Zykw'),
('PLDcnymzs18LVXfO_x0Ei0R24qDbVtyy66', 'Zlv1rdcpS9M'),
('PLDcnymzs18LVXfO_x0Ei0R24qDbVtyy66', 'ZqzPvLy_Dk4'),
('PLDcnymzs18LVXfO_x0Ei0R24qDbVtyy66', 'zRCsZ5a3aCM'),
('PLDcnymzs18LVXfO_x0Ei0R24qDbVtyy66', 'ZsfIw7ZkEyc'),
('PLDcnymzs18LVXfO_x0Ei0R24qDbVtyy66', 'ZSM3w1v-A_Y'),
('PLDcnymzs18LVXfO_x0Ei0R24qDbVtyy66', 'zsmUOdmm02A'),
('PLDcnymzs18LVXfO_x0Ei0R24qDbVtyy66', 'ZxvI1epOAWE'),
('PLDcnymzs18LVXfO_x0Ei0R24qDbVtyy66', 'ZyhrYis509A'),
('PLDcnymzs18LVXfO_x0Ei0R24qDbVtyy66', 'zyqt2avPkoA'),
('PLDcnymzs18LVXfO_x0Ei0R24qDbVtyy66', '_kqQDCxRCzM'),
('PLDcnymzs18LVXfO_x0Ei0R24qDbVtyy66', '_sV0S8qWSy0'),
('PLDcnymzs18LVXfO_x0Ei0R24qDbVtyy66', '_wL3Pc-EmjA'),
('PLDcnymzs18LVXfO_x0Ei0R24qDbVtyy66', '_Z5-P9v3F8w'),
('PLE762F3286DF45F44', '1jhmhSai58g'),
('PLE762F3286DF45F44', '64tiy6A6_TQ'),
('PLE762F3286DF45F44', 'Aa6By5IjJcU'),
('PLE762F3286DF45F44', 'aFt9Smr8cKE'),
('PLE762F3286DF45F44', 'ECbroe-e1rY'),
('PLE762F3286DF45F44', 'IXn-RvqOoRk'),
('PLE762F3286DF45F44', 'lXLL9uCmx8g'),
('PLE762F3286DF45F44', 'ma4etvrbfyM'),
('PLE762F3286DF45F44', 'MIS273k7Iok'),
('PLE762F3286DF45F44', 'sFnGYHttluo'),
('PLE762F3286DF45F44', 'Va00H7zmtPk'),
('PLE762F3286DF45F44', 'wrwKitR_TFc'),
('PLE762F3286DF45F44', 'XnQbrGuNg3g'),
('PLE8F649B12AC69480', '1FLX63Ue5wk'),
('PLE8F649B12AC69480', '2P54nYzZ5ss'),
('PLE8F649B12AC69480', '3PC4OJTIc9M'),
('PLE8F649B12AC69480', '4vdeOkuR40o'),
('PLE8F649B12AC69480', '5nanKk1JSjw'),
('PLE8F649B12AC69480', '6KOMzlJbpzE'),
('PLE8F649B12AC69480', '8JD1uIxCHGI'),
('PLE8F649B12AC69480', '9a7bj6ygR74'),
('PLE8F649B12AC69480', '9Nb-HmYIWXs'),
('PLE8F649B12AC69480', '9Sz5YIUmeS8'),
('PLE8F649B12AC69480', 'ApO2NpmiOWM'),
('PLE8F649B12AC69480', 'BIDTbuLOgUc'),
('PLE8F649B12AC69480', 'BJdYUxyxYiU'),
('PLE8F649B12AC69480', 'BuD0Rg3njno'),
('PLE8F649B12AC69480', 'C0DXms1s2nM'),
('PLE8F649B12AC69480', 'C9QxVP2hFQ0'),
('PLE8F649B12AC69480', 'chDqYfcYfj8'),
('PLE8F649B12AC69480', 'D6bcBjtOqTg'),
('PLE8F649B12AC69480', 'dcy2KENYwV0'),
('PLE8F649B12AC69480', 'dDXQvqDBBP8'),
('PLE8F649B12AC69480', 'e32WpvYITJo'),
('PLE8F649B12AC69480', 'e50sIqlKAZk'),
('PLE8F649B12AC69480', 'etVWicYUJhI'),
('PLE8F649B12AC69480', 'gdqoEEAgRaU'),
('PLE8F649B12AC69480', 'House875_9k'),
('PLE8F649B12AC69480', 'HYqfEv269bw'),
('PLE8F649B12AC69480', 'I550FJjqBHM'),
('PLE8F649B12AC69480', 'jMpEl4pqd_Q'),
('PLE8F649B12AC69480', 'kpeWFFoOYq4'),
('PLE8F649B12AC69480', 'LhX6hsHke5Y'),
('PLE8F649B12AC69480', 'mjMuiEllrwc'),
('PLE8F649B12AC69480', 'Mm4oCmCAtHM'),
('PLE8F649B12AC69480', 'qEVaP3csT1w'),
('PLE8F649B12AC69480', 'qkCSWr9Q-5M'),
('PLE8F649B12AC69480', 'qUNR97ko_U8'),
('PLE8F649B12AC69480', 'uGpqV-sbBLM'),
('PLE8F649B12AC69480', 'uJXKvOvgias'),
('PLE8F649B12AC69480', 'v8Nhmr0YbfY'),
('PLE8F649B12AC69480', 'wFBgHDTxmkY'),
('PLE8F649B12AC69480', 'Z68_afdZGxs'),
('PLE8F649B12AC69480', 'ZtwJLDcZed0'),
('PLE9499E746B11B9A0', '-zzP29emgpg'),
('PLE9499E746B11B9A0', '1Uw6ZkbsAH8'),
('PLE9499E746B11B9A0', '9I9Ar6upx34'),
('PLE9499E746B11B9A0', 'bxV-OOIamyk'),
('PLE9499E746B11B9A0', 'cSnkWzZ7ZAA'),
('PLE9499E746B11B9A0', 'FHp2KgyQUFk'),
('PLE9499E746B11B9A0', 'fjAtTsa3E64'),
('PLE9499E746B11B9A0', 'fLexgOxsZu0'),
('PLE9499E746B11B9A0', 'fWNaR-rxAic'),
('PLE9499E746B11B9A0', 'HBxt_v0WF6Y'),
('PLE9499E746B11B9A0', 'he3DJLXbebI'),
('PLE9499E746B11B9A0', 'JRfuAukYTKg'),
('PLE9499E746B11B9A0', 'KRaWnd3LJfs'),
('PLE9499E746B11B9A0', 'Ob7vObnFUJc'),
('PLE9499E746B11B9A0', 'oxqnFJ3lp5k'),
('PLE9499E746B11B9A0', 'OZLUa8JUR18'),
('PLE9499E746B11B9A0', 'q5SG7U76tls'),
('PLE9499E746B11B9A0', 'QGJuMBdaqIw'),
('PLE9499E746B11B9A0', 'qjHlgrGsLWQ'),
('PLE9499E746B11B9A0', 'QJO3ROT-A4E'),
('PLE9499E746B11B9A0', 'qQkBeOisNM0'),
('PLE9499E746B11B9A0', 'RPF1mKzyNqc'),
('PLE9499E746B11B9A0', 'rYEDA3JcQqw'),
('PLE9499E746B11B9A0', 'sEhy-RXkNo0'),
('PLE9499E746B11B9A0', 'syxd2n8S4AE'),
('PLE9499E746B11B9A0', 'U0CGsw6h60k'),
('PLE9499E746B11B9A0', 'U5rLz5AZBIA'),
('PLE9499E746B11B9A0', 'UbQhKxxrq04'),
('PLE9499E746B11B9A0', 'uelHwf8o7_U'),
('PLE9499E746B11B9A0', 'UJtB55MaoD0'),
('PLE9499E746B11B9A0', 'uuwfgXD8qV8'),
('PLE9499E746B11B9A0', 'vdrqA93sW-8'),
('PLE9499E746B11B9A0', 'Y1xs_xPb46M'),
('PLE9499E746B11B9A0', 'z5W7DVFKrcs'),
('PLh6vppUwmWEMdp04u-tYABoDmgn9AX12n', '0put0_a--Ng'),
('PLh6vppUwmWEMdp04u-tYABoDmgn9AX12n', '1G4isv_Fylg'),
('PLh6vppUwmWEMdp04u-tYABoDmgn9AX12n', '1k8craCGpgs'),
('PLh6vppUwmWEMdp04u-tYABoDmgn9AX12n', '1RnPB76mjxI'),
('PLh6vppUwmWEMdp04u-tYABoDmgn9AX12n', '1y6smkh6c-0'),
('PLh6vppUwmWEMdp04u-tYABoDmgn9AX12n', '26PAgklYYvo'),
('PLh6vppUwmWEMdp04u-tYABoDmgn9AX12n', '2Abk1jAONjw'),
('PLh6vppUwmWEMdp04u-tYABoDmgn9AX12n', '3O1_3zBUKM8'),
('PLh6vppUwmWEMdp04u-tYABoDmgn9AX12n', '3OnnDqH6Wj8'),
('PLh6vppUwmWEMdp04u-tYABoDmgn9AX12n', '4aQDOUbErNg'),
('PLh6vppUwmWEMdp04u-tYABoDmgn9AX12n', '4m1EFMoRFvY'),
('PLh6vppUwmWEMdp04u-tYABoDmgn9AX12n', '4m48GqaOz90'),
('PLh6vppUwmWEMdp04u-tYABoDmgn9AX12n', '4umc87T5UMs'),
('PLh6vppUwmWEMdp04u-tYABoDmgn9AX12n', '7HKoqNJtMTQ'),
('PLh6vppUwmWEMdp04u-tYABoDmgn9AX12n', '8UVNT4wvIGY'),
('PLh6vppUwmWEMdp04u-tYABoDmgn9AX12n', '8v_4O44sfjM'),
('PLh6vppUwmWEMdp04u-tYABoDmgn9AX12n', '9bZkp7q19f0'),
('PLh6vppUwmWEMdp04u-tYABoDmgn9AX12n', 'AWpsOqh8q0M'),
('PLh6vppUwmWEMdp04u-tYABoDmgn9AX12n', 'bESGLojNYSo'),
('PLh6vppUwmWEMdp04u-tYABoDmgn9AX12n', 'bKxodgpyGec'),
('PLh6vppUwmWEMdp04u-tYABoDmgn9AX12n', 'bpOR_HuHRNs'),
('PLh6vppUwmWEMdp04u-tYABoDmgn9AX12n', 'bqIxCtEveG8'),
('PLh6vppUwmWEMdp04u-tYABoDmgn9AX12n', 'bWXazVhlyxQ'),
('PLh6vppUwmWEMdp04u-tYABoDmgn9AX12n', 'c4BLVznuWnU'),
('PLh6vppUwmWEMdp04u-tYABoDmgn9AX12n', 'CevxZvSJLk8'),
('PLh6vppUwmWEMdp04u-tYABoDmgn9AX12n', 'CR8logunPzQ'),
('PLh6vppUwmWEMdp04u-tYABoDmgn9AX12n', 'D9AFMVMl9qE'),
('PLh6vppUwmWEMdp04u-tYABoDmgn9AX12n', 'dvgZkm1xWPE'),
('PLh6vppUwmWEMdp04u-tYABoDmgn9AX12n', 'e-fA-gBCkj0'),
('PLh6vppUwmWEMdp04u-tYABoDmgn9AX12n', 'EkHTsc9PU2A'),
('PLh6vppUwmWEMdp04u-tYABoDmgn9AX12n', 'EPo5wWmKEaI'),
('PLh6vppUwmWEMdp04u-tYABoDmgn9AX12n', 'F3EG4olrFjY'),
('PLh6vppUwmWEMdp04u-tYABoDmgn9AX12n', 'F57P9C4SAW4'),
('PLh6vppUwmWEMdp04u-tYABoDmgn9AX12n', 'F90Cw4l-8NY'),
('PLh6vppUwmWEMdp04u-tYABoDmgn9AX12n', 'fLexgOxsZu0'),
('PLh6vppUwmWEMdp04u-tYABoDmgn9AX12n', 'fWNaR-rxAic'),
('PLh6vppUwmWEMdp04u-tYABoDmgn9AX12n', 'GemKqzILV4w'),
('PLh6vppUwmWEMdp04u-tYABoDmgn9AX12n', 'gGdGFtwCNBE'),
('PLh6vppUwmWEMdp04u-tYABoDmgn9AX12n', 'gnhXHvRoUd0'),
('PLh6vppUwmWEMdp04u-tYABoDmgn9AX12n', 'gS9o1FAszdk'),
('PLh6vppUwmWEMdp04u-tYABoDmgn9AX12n', 'h5EofwRzit0'),
('PLh6vppUwmWEMdp04u-tYABoDmgn9AX12n', 'hLQl3WQQoQ0'),
('PLh6vppUwmWEMdp04u-tYABoDmgn9AX12n', 'hT_nvWreIhg'),
('PLh6vppUwmWEMdp04u-tYABoDmgn9AX12n', 'I7HahVwYpwo'),
('PLh6vppUwmWEMdp04u-tYABoDmgn9AX12n', 'IcrbM1l_BoI'),
('PLh6vppUwmWEMdp04u-tYABoDmgn9AX12n', 'iEPTlhBmwRg'),
('PLh6vppUwmWEMdp04u-tYABoDmgn9AX12n', 'J9iVgw4sv-M'),
('PLh6vppUwmWEMdp04u-tYABoDmgn9AX12n', 'j9jbdgZidu8'),
('PLh6vppUwmWEMdp04u-tYABoDmgn9AX12n', 'jqpAgMxhx30'),
('PLh6vppUwmWEMdp04u-tYABoDmgn9AX12n', 'JRfuAukYTKg'),
('PLh6vppUwmWEMdp04u-tYABoDmgn9AX12n', 'KdS6HFQ_LUc'),
('PLh6vppUwmWEMdp04u-tYABoDmgn9AX12n', 'KII1ruAfvsg'),
('PLh6vppUwmWEMdp04u-tYABoDmgn9AX12n', 'kn6-c223DUU'),
('PLh6vppUwmWEMdp04u-tYABoDmgn9AX12n', 'KQ6zr6kCPj8'),
('PLh6vppUwmWEMdp04u-tYABoDmgn9AX12n', 'KRaWnd3LJfs'),
('PLh6vppUwmWEMdp04u-tYABoDmgn9AX12n', 'kYtGl1dX5qI'),
('PLh6vppUwmWEMdp04u-tYABoDmgn9AX12n', 'LjhCEhWiKXk'),
('PLh6vppUwmWEMdp04u-tYABoDmgn9AX12n', 'lWA2pjMjpBs'),
('PLh6vppUwmWEMdp04u-tYABoDmgn9AX12n', 'm-M1AtrxztU'),
('PLh6vppUwmWEMdp04u-tYABoDmgn9AX12n', 'M97vR2V4vTs'),
('PLh6vppUwmWEMdp04u-tYABoDmgn9AX12n', 'Mhj15W23IjA'),
('PLh6vppUwmWEMdp04u-tYABoDmgn9AX12n', 'mk48xRzuNvA'),
('PLh6vppUwmWEMdp04u-tYABoDmgn9AX12n', 'N9hazmsUxrM'),
('PLh6vppUwmWEMdp04u-tYABoDmgn9AX12n', 'NdYWuo9OFAw'),
('PLh6vppUwmWEMdp04u-tYABoDmgn9AX12n', 'oABEGc8Dus0'),
('PLh6vppUwmWEMdp04u-tYABoDmgn9AX12n', 'OpQFFLBMEPI'),
('PLh6vppUwmWEMdp04u-tYABoDmgn9AX12n', 'pa14VNsdSYM'),
('PLh6vppUwmWEMdp04u-tYABoDmgn9AX12n', 'psuRGfAaju4'),
('PLh6vppUwmWEMdp04u-tYABoDmgn9AX12n', 'QGJuMBdaqIw'),
('PLh6vppUwmWEMdp04u-tYABoDmgn9AX12n', 'qHagigQRKqU'),
('PLh6vppUwmWEMdp04u-tYABoDmgn9AX12n', 'QJO3ROT-A4E'),
('PLh6vppUwmWEMdp04u-tYABoDmgn9AX12n', 'QK8mJJJvaes'),
('PLh6vppUwmWEMdp04u-tYABoDmgn9AX12n', 'qMxX-QOV9tI'),
('PLh6vppUwmWEMdp04u-tYABoDmgn9AX12n', 'qrO4YZeyl0I'),
('PLh6vppUwmWEMdp04u-tYABoDmgn9AX12n', 'QzvGKas5RsU'),
('PLh6vppUwmWEMdp04u-tYABoDmgn9AX12n', 'RBumgq5yVrA'),
('PLh6vppUwmWEMdp04u-tYABoDmgn9AX12n', 'RF0HhrwIwp0'),
('PLh6vppUwmWEMdp04u-tYABoDmgn9AX12n', 'RIZdjT1472Y'),
('PLh6vppUwmWEMdp04u-tYABoDmgn9AX12n', 'rYEDA3JcQqw'),
('PLh6vppUwmWEMdp04u-tYABoDmgn9AX12n', 'SeIJmciN8mo'),
('PLh6vppUwmWEMdp04u-tYABoDmgn9AX12n', 'SR6iYWJxHqs'),
('PLh6vppUwmWEMdp04u-tYABoDmgn9AX12n', 'Sv6dMFF_yts'),
('PLh6vppUwmWEMdp04u-tYABoDmgn9AX12n', 'SxEINSBsbeo'),
('PLh6vppUwmWEMdp04u-tYABoDmgn9AX12n', 't4H_Zoh7G5A'),
('PLh6vppUwmWEMdp04u-tYABoDmgn9AX12n', 'tg00YEETFzg'),
('PLh6vppUwmWEMdp04u-tYABoDmgn9AX12n', 'tXtATeQ7GKg'),
('PLh6vppUwmWEMdp04u-tYABoDmgn9AX12n', 'U0CGsw6h60k'),
('PLh6vppUwmWEMdp04u-tYABoDmgn9AX12n', 'u0fk6syQ7iY'),
('PLh6vppUwmWEMdp04u-tYABoDmgn9AX12n', 'UAWcs5H-qgQ'),
('PLh6vppUwmWEMdp04u-tYABoDmgn9AX12n', 'uelHwf8o7_U'),
('PLh6vppUwmWEMdp04u-tYABoDmgn9AX12n', 'UJtB55MaoD0'),
('PLh6vppUwmWEMdp04u-tYABoDmgn9AX12n', 'uSD4vsh1zDA'),
('PLh6vppUwmWEMdp04u-tYABoDmgn9AX12n', 'uuZE_IRwLNI'),
('PLh6vppUwmWEMdp04u-tYABoDmgn9AX12n', 'vNoKguSdy4Y'),
('PLh6vppUwmWEMdp04u-tYABoDmgn9AX12n', 'Vysgv7qVYTo'),
('PLh6vppUwmWEMdp04u-tYABoDmgn9AX12n', 'wyx6JDQCslE'),
('PLh6vppUwmWEMdp04u-tYABoDmgn9AX12n', 'y6Sxv-sUYtM'),
('PLh6vppUwmWEMdp04u-tYABoDmgn9AX12n', 'yyDUC1LUXSU'),
('PLh6vppUwmWEMdp04u-tYABoDmgn9AX12n', 'zvCBSSwgtg4'),
('PLKxzaowZHV4NRddkk5s991eZI91t_4OrQ', '-qfAEfBSwJI'),
('PLKxzaowZHV4NRddkk5s991eZI91t_4OrQ', '2K1Gd9oYWeY'),
('PLKxzaowZHV4NRddkk5s991eZI91t_4OrQ', '4Si7mESo_vg'),
('PLKxzaowZHV4NRddkk5s991eZI91t_4OrQ', '5c1WCd8Qefc'),
('PLKxzaowZHV4NRddkk5s991eZI91t_4OrQ', '6R3iihXg9t4'),
('PLKxzaowZHV4NRddkk5s991eZI91t_4OrQ', '7EwoxVZTuMM'),
('PLKxzaowZHV4NRddkk5s991eZI91t_4OrQ', 'a99St-ImSKY'),
('PLKxzaowZHV4NRddkk5s991eZI91t_4OrQ', 'abQRt6p8T7g'),
('PLKxzaowZHV4NRddkk5s991eZI91t_4OrQ', 'B9JjlwtFImU'),
('PLKxzaowZHV4NRddkk5s991eZI91t_4OrQ', 'BnxRXIO3QT4'),
('PLKxzaowZHV4NRddkk5s991eZI91t_4OrQ', 'btPx8oudrHM'),
('PLKxzaowZHV4NRddkk5s991eZI91t_4OrQ', 'Bv1Wc8JYJM0'),
('PLKxzaowZHV4NRddkk5s991eZI91t_4OrQ', 'c90gRWsXNi0'),
('PLKxzaowZHV4NRddkk5s991eZI91t_4OrQ', 'dxjrvOSRYsE'),
('PLKxzaowZHV4NRddkk5s991eZI91t_4OrQ', 'e5CMDmxtpbc'),
('PLKxzaowZHV4NRddkk5s991eZI91t_4OrQ', 'Ftt5KH6TnhE'),
('PLKxzaowZHV4NRddkk5s991eZI91t_4OrQ', 'h0V9vmtJyN0'),
('PLKxzaowZHV4NRddkk5s991eZI91t_4OrQ', 'HmzYPg9sr_A'),
('PLKxzaowZHV4NRddkk5s991eZI91t_4OrQ', 'i3Kiu3b-_o8'),
('PLKxzaowZHV4NRddkk5s991eZI91t_4OrQ', 'i4ceIHBjozs'),
('PLKxzaowZHV4NRddkk5s991eZI91t_4OrQ', 'IeHjB_nBPGc'),
('PLKxzaowZHV4NRddkk5s991eZI91t_4OrQ', 'IthXOVp-K5I'),
('PLKxzaowZHV4NRddkk5s991eZI91t_4OrQ', 'j37xdQFJ-Ng'),
('PLKxzaowZHV4NRddkk5s991eZI91t_4OrQ', 'jbrF00Y4qE8'),
('PLKxzaowZHV4NRddkk5s991eZI91t_4OrQ', 'kmWIxnVBU7w'),
('PLKxzaowZHV4NRddkk5s991eZI91t_4OrQ', 'Kyb2K8pkevA'),
('PLKxzaowZHV4NRddkk5s991eZI91t_4OrQ', 'lm4bxvhQC5A'),
('PLKxzaowZHV4NRddkk5s991eZI91t_4OrQ', 'LpwaikUTLYY'),
('PLKxzaowZHV4NRddkk5s991eZI91t_4OrQ', 'N9AAEWEQyMg'),
('PLKxzaowZHV4NRddkk5s991eZI91t_4OrQ', 'NBlrbFYfRkQ'),
('PLKxzaowZHV4NRddkk5s991eZI91t_4OrQ', 'NGkTnOcDiwE'),
('PLKxzaowZHV4NRddkk5s991eZI91t_4OrQ', 'Nu7eqmOQhLA'),
('PLKxzaowZHV4NRddkk5s991eZI91t_4OrQ', 'NXT4YJekeXc'),
('PLKxzaowZHV4NRddkk5s991eZI91t_4OrQ', 'O-TI1RbQHlg'),
('PLKxzaowZHV4NRddkk5s991eZI91t_4OrQ', 'oRBXUpQ1RkI'),
('PLKxzaowZHV4NRddkk5s991eZI91t_4OrQ', 'r1Fz-SKXOEE'),
('PLKxzaowZHV4NRddkk5s991eZI91t_4OrQ', 'rkVM4AxzxCE'),
('PLKxzaowZHV4NRddkk5s991eZI91t_4OrQ', 'Rq08Mc4eLbw'),
('PLKxzaowZHV4NRddkk5s991eZI91t_4OrQ', 'rS4-2t7xIMY'),
('PLKxzaowZHV4NRddkk5s991eZI91t_4OrQ', 'SpTNOD_WhN0'),
('PLKxzaowZHV4NRddkk5s991eZI91t_4OrQ', 'u5Wicw54mOI'),
('PLKxzaowZHV4NRddkk5s991eZI91t_4OrQ', 'udqJfHGsD5c'),
('PLKxzaowZHV4NRddkk5s991eZI91t_4OrQ', 'UFgXcNSspzA'),
('PLKxzaowZHV4NRddkk5s991eZI91t_4OrQ', 'uNkDNy0bDfM'),
('PLKxzaowZHV4NRddkk5s991eZI91t_4OrQ', 'UUS6H8ls8Lw'),
('PLKxzaowZHV4NRddkk5s991eZI91t_4OrQ', 'VQ5isLBu_To'),
('PLKxzaowZHV4NRddkk5s991eZI91t_4OrQ', 'XybDZ9I9k4k'),
('PLKxzaowZHV4NRddkk5s991eZI91t_4OrQ', 'YCozYHhlme8'),
('PLKxzaowZHV4NRddkk5s991eZI91t_4OrQ', 'YGKdBkBuBZQ'),
('PLKxzaowZHV4NRddkk5s991eZI91t_4OrQ', 'zrmGp-VjlY4'),
('PLKxzaowZHV4NRddkk5s991eZI91t_4OrQ', 'ZXF-QmIgL_g'),
('PLKxzaowZHV4NRddkk5s991eZI91t_4OrQ', '_2hjqXQlq8U'),
('PLNbr2c41OGTJBUHkWpTPLDTFdAtBSH1qV', 'd1AM5F-i1WA'),
('PLNbr2c41OGTJBUHkWpTPLDTFdAtBSH1qV', 'FMzKgB1cf24'),
('PLNbr2c41OGTJBUHkWpTPLDTFdAtBSH1qV', 'GyAJ4V06izg'),
('PLNbr2c41OGTJBUHkWpTPLDTFdAtBSH1qV', 'JVNINvk37Uk'),
('PLNbr2c41OGTJBUHkWpTPLDTFdAtBSH1qV', 'jyqWjl7GkCE'),
('PLNbr2c41OGTJBUHkWpTPLDTFdAtBSH1qV', 'K-P15e6NvtU'),
('PLNbr2c41OGTJBUHkWpTPLDTFdAtBSH1qV', 'kT-t7Mu-eO4'),
('PLNbr2c41OGTJBUHkWpTPLDTFdAtBSH1qV', 'l10DWZTXGN4'),
('PLNbr2c41OGTJBUHkWpTPLDTFdAtBSH1qV', 'M7mIyLvD-DY'),
('PLNbr2c41OGTJBUHkWpTPLDTFdAtBSH1qV', 'OHTSxw6zN1E'),
('PLNbr2c41OGTJBUHkWpTPLDTFdAtBSH1qV', 'PrU0E5TwSOs'),
('PLNbr2c41OGTJBUHkWpTPLDTFdAtBSH1qV', 'Q-AzbQmUaYc'),
('PLNbr2c41OGTJBUHkWpTPLDTFdAtBSH1qV', 'SBVR_pjaRgM'),
('PLNbr2c41OGTJBUHkWpTPLDTFdAtBSH1qV', 'SLOYfFGrapY'),
('PLNbr2c41OGTJBUHkWpTPLDTFdAtBSH1qV', 'zYwCmcB0XMw'),
('PLnG56ODjnHyIcALeFlZQozuHldfLzwzgB', '3BwzP1laWkQ'),
('PLnG56ODjnHyIcALeFlZQozuHldfLzwzgB', '7SxTyvOixJA'),
('PLnG56ODjnHyIcALeFlZQozuHldfLzwzgB', 'ff0oWESdmH0'),
('PLnG56ODjnHyIcALeFlZQozuHldfLzwzgB', 'FufL80hJsP8'),
('PLnG56ODjnHyIcALeFlZQozuHldfLzwzgB', 'gGdGFtwCNBE'),
('PLnG56ODjnHyIcALeFlZQozuHldfLzwzgB', 'Hc16Y9fiCvQ'),
('PLnG56ODjnHyIcALeFlZQozuHldfLzwzgB', 'Qok9Ialei4c'),
('PLnG56ODjnHyIcALeFlZQozuHldfLzwzgB', 'RIZdjT1472Y'),
('PLnG56ODjnHyIcALeFlZQozuHldfLzwzgB', 'sZTpLvsYYHw'),
('PLnG56ODjnHyIcALeFlZQozuHldfLzwzgB', 'TG5X4kOjEX8'),
('PLnG56ODjnHyIcALeFlZQozuHldfLzwzgB', 'TMbyWSGYUgc'),
('PLnG56ODjnHyIcALeFlZQozuHldfLzwzgB', 'X4YK-DEkvcw'),
('PLnG56ODjnHyIcALeFlZQozuHldfLzwzgB', 'Y5fBdpreJiU'),
('PLnG56ODjnHyIcALeFlZQozuHldfLzwzgB', 'zc8hbSM1zVo'),
('PLnG56ODjnHyIcALeFlZQozuHldfLzwzgB', 'zPJQQeeYDYI'),
('PLSTz8jpJdr5qrbVEburBasItcSBO43xPv', '0KSOMA3QBU0'),
('PLSTz8jpJdr5qrbVEburBasItcSBO43xPv', '2vjPBrBU-TM'),
('PLSTz8jpJdr5qrbVEburBasItcSBO43xPv', '7-7knsP2n5w'),
('PLSTz8jpJdr5qrbVEburBasItcSBO43xPv', '7PCkvCPvDXk'),
('PLSTz8jpJdr5qrbVEburBasItcSBO43xPv', '7RMQksXpQSk'),
('PLSTz8jpJdr5qrbVEburBasItcSBO43xPv', 'ebXbLfLACGM'),
('PLSTz8jpJdr5qrbVEburBasItcSBO43xPv', 'ESXgJ9-H-2U'),
('PLSTz8jpJdr5qrbVEburBasItcSBO43xPv', 'hiP14ED28CA'),
('PLSTz8jpJdr5qrbVEburBasItcSBO43xPv', 'HkMNOlYcpHg'),
('PLSTz8jpJdr5qrbVEburBasItcSBO43xPv', 'iS1g8G_njx8'),
('PLSTz8jpJdr5qrbVEburBasItcSBO43xPv', 'JXRN_LkCa_o'),
('PLSTz8jpJdr5qrbVEburBasItcSBO43xPv', 'kdemFfbS5H0'),
('PLSTz8jpJdr5qrbVEburBasItcSBO43xPv', 'L8eRzOYhLuw'),
('PLSTz8jpJdr5qrbVEburBasItcSBO43xPv', 'LDZX4ooRsWs'),
('PLSTz8jpJdr5qrbVEburBasItcSBO43xPv', 'ME2Hufquz0k'),
('PLSTz8jpJdr5qrbVEburBasItcSBO43xPv', 'nfWlot6h_JM'),
('PLSTz8jpJdr5qrbVEburBasItcSBO43xPv', 'NUsoVlDFqZg'),
('PLSTz8jpJdr5qrbVEburBasItcSBO43xPv', 'O-zpOMYRi0w'),
('PLSTz8jpJdr5qrbVEburBasItcSBO43xPv', 'o3mP3mJDL2k'),
('PLSTz8jpJdr5qrbVEburBasItcSBO43xPv', 'oC-GflRB0y4'),
('PLSTz8jpJdr5qrbVEburBasItcSBO43xPv', 'pB-5XG-DbAA'),
('PLSTz8jpJdr5qrbVEburBasItcSBO43xPv', 'TGtWWb9emYI'),
('PLSTz8jpJdr5qrbVEburBasItcSBO43xPv', 'tLcfAnN2QgY'),
('PLSTz8jpJdr5qrbVEburBasItcSBO43xPv', 'u3u22OYqFGo'),
('PLSTz8jpJdr5qrbVEburBasItcSBO43xPv', 'yUV9JwiQLog'),
('PLVhfX8YZ3hWt_8TCX4z58YRMOQ7_ww2WB', '0GUE3E9w-Vg'),
('PLVhfX8YZ3hWt_8TCX4z58YRMOQ7_ww2WB', '21MZLhDkNTg'),
('PLVhfX8YZ3hWt_8TCX4z58YRMOQ7_ww2WB', '2n3OAc5TgrY'),
('PLVhfX8YZ3hWt_8TCX4z58YRMOQ7_ww2WB', '3dxJDcHkWRo'),
('PLVhfX8YZ3hWt_8TCX4z58YRMOQ7_ww2WB', '4w6TRCwSC64'),
('PLVhfX8YZ3hWt_8TCX4z58YRMOQ7_ww2WB', '53gH1xyMGvQ'),
('PLVhfX8YZ3hWt_8TCX4z58YRMOQ7_ww2WB', '7jCrEZXOB2s'),
('PLVhfX8YZ3hWt_8TCX4z58YRMOQ7_ww2WB', 'f2SHJQXaqds'),
('PLVhfX8YZ3hWt_8TCX4z58YRMOQ7_ww2WB', 'hNZ-Edgvrwo'),
('PLVhfX8YZ3hWt_8TCX4z58YRMOQ7_ww2WB', 'KEiINP64-Uw'),
('PLVhfX8YZ3hWt_8TCX4z58YRMOQ7_ww2WB', 'vd2fY2QVF70'),
('PLVhfX8YZ3hWt_8TCX4z58YRMOQ7_ww2WB', 'xjoA4nYBD5U'),
('PLVhfX8YZ3hWt_8TCX4z58YRMOQ7_ww2WB', 'zPMN6Rw-Cn4'),
('PLvLX2y1VZ-tEmqtENBW39gdozqFCN_WZc', '-01jhW_Yzhs'),
('PLvLX2y1VZ-tEmqtENBW39gdozqFCN_WZc', '-aNjYlgwBN0'),
('PLvLX2y1VZ-tEmqtENBW39gdozqFCN_WZc', '-AtaZ_NU_tU'),
('PLvLX2y1VZ-tEmqtENBW39gdozqFCN_WZc', '-BWit9kFJUQ'),
('PLvLX2y1VZ-tEmqtENBW39gdozqFCN_WZc', '-DOBpVn4JlU'),
('PLvLX2y1VZ-tEmqtENBW39gdozqFCN_WZc', '-Fulz4ytZ54'),
('PLvLX2y1VZ-tEmqtENBW39gdozqFCN_WZc', '-hVqG44A6No'),
('PLvLX2y1VZ-tEmqtENBW39gdozqFCN_WZc', '-jEDdFm3Nx0'),
('PLvLX2y1VZ-tEmqtENBW39gdozqFCN_WZc', '-NPqM3vPDg8'),
('PLvLX2y1VZ-tEmqtENBW39gdozqFCN_WZc', '-OVHnWyDmdw'),
('PLvLX2y1VZ-tEmqtENBW39gdozqFCN_WZc', '-R9GrGheMRw'),
('PLvLX2y1VZ-tEmqtENBW39gdozqFCN_WZc', '-vn6QdqxK3g'),
('PLvLX2y1VZ-tEmqtENBW39gdozqFCN_WZc', '-X79Jko9bBI'),
('PLvLX2y1VZ-tEmqtENBW39gdozqFCN_WZc', '04WRI-0odjk'),
('PLvLX2y1VZ-tEmqtENBW39gdozqFCN_WZc', '0ggKe409_F4'),
('PLvLX2y1VZ-tEmqtENBW39gdozqFCN_WZc', '0RxBHRZpIdg'),
('PLvLX2y1VZ-tEmqtENBW39gdozqFCN_WZc', '0xXD9-1mLBY'),
('PLvLX2y1VZ-tEmqtENBW39gdozqFCN_WZc', '17VudJ6lr4k'),
('PLvLX2y1VZ-tEmqtENBW39gdozqFCN_WZc', '1FhRhzAWzLA'),
('PLvLX2y1VZ-tEmqtENBW39gdozqFCN_WZc', '1jm5gfuT9Z4'),
('PLvLX2y1VZ-tEmqtENBW39gdozqFCN_WZc', '1mzpuUzLKx4'),
('PLvLX2y1VZ-tEmqtENBW39gdozqFCN_WZc', '1q3LEadIk3w'),
('PLvLX2y1VZ-tEmqtENBW39gdozqFCN_WZc', '1WEpLzsdEeY'),
('PLvLX2y1VZ-tEmqtENBW39gdozqFCN_WZc', '1XB2peAKwOA'),
('PLvLX2y1VZ-tEmqtENBW39gdozqFCN_WZc', '213aAkQs9iQ'),
('PLvLX2y1VZ-tEmqtENBW39gdozqFCN_WZc', '22zB6Soc2Gk'),
('PLvLX2y1VZ-tEmqtENBW39gdozqFCN_WZc', '2AJ4i4S_fP8'),
('PLvLX2y1VZ-tEmqtENBW39gdozqFCN_WZc', '2AZLUohDCGo'),
('PLvLX2y1VZ-tEmqtENBW39gdozqFCN_WZc', '2en4ofkt1eo'),
('PLvLX2y1VZ-tEmqtENBW39gdozqFCN_WZc', '2r6N2JQQwg0'),
('PLvLX2y1VZ-tEmqtENBW39gdozqFCN_WZc', '2Ru1M6dY0cY'),
('PLvLX2y1VZ-tEmqtENBW39gdozqFCN_WZc', '2uzK3VwzraM'),
('PLvLX2y1VZ-tEmqtENBW39gdozqFCN_WZc', '31KOGb1MU4g'),
('PLvLX2y1VZ-tEmqtENBW39gdozqFCN_WZc', '3cQNkIrg-Tk'),
('PLvLX2y1VZ-tEmqtENBW39gdozqFCN_WZc', '3eIntnHarCg'),
('PLvLX2y1VZ-tEmqtENBW39gdozqFCN_WZc', '3R5izofehjo'),
('PLvLX2y1VZ-tEmqtENBW39gdozqFCN_WZc', '3tthIHXUsPs'),
('PLvLX2y1VZ-tEmqtENBW39gdozqFCN_WZc', '3umaLe37-LE'),
('PLvLX2y1VZ-tEmqtENBW39gdozqFCN_WZc', '3Y2icHOgC5U'),
('PLvLX2y1VZ-tEmqtENBW39gdozqFCN_WZc', '3YfNFR6gh2E'),
('PLvLX2y1VZ-tEmqtENBW39gdozqFCN_WZc', '42uphHWxmFU'),
('PLvLX2y1VZ-tEmqtENBW39gdozqFCN_WZc', '4ahHWROn8M0'),
('PLvLX2y1VZ-tEmqtENBW39gdozqFCN_WZc', '4AnTe663mrY'),
('PLvLX2y1VZ-tEmqtENBW39gdozqFCN_WZc', '4f0p5KqdU9U'),
('PLvLX2y1VZ-tEmqtENBW39gdozqFCN_WZc', '4fqPcnuVPR8'),
('PLvLX2y1VZ-tEmqtENBW39gdozqFCN_WZc', '4GvD_NQrLFo'),
('PLvLX2y1VZ-tEmqtENBW39gdozqFCN_WZc', '4ivUOnnstpg'),
('PLvLX2y1VZ-tEmqtENBW39gdozqFCN_WZc', '4jUICUbKZoI'),
('PLvLX2y1VZ-tEmqtENBW39gdozqFCN_WZc', '4tZaIDo_ULk'),
('PLvLX2y1VZ-tEmqtENBW39gdozqFCN_WZc', '4VKy69sE4VY'),
('PLvLX2y1VZ-tEmqtENBW39gdozqFCN_WZc', '4xpr1fLqEj4'),
('PLvLX2y1VZ-tEmqtENBW39gdozqFCN_WZc', '55GAUgjpDQA'),
('PLvLX2y1VZ-tEmqtENBW39gdozqFCN_WZc', '5Djg4YRNjbE'),
('PLvLX2y1VZ-tEmqtENBW39gdozqFCN_WZc', '5EXGJKxi_PU'),
('PLvLX2y1VZ-tEmqtENBW39gdozqFCN_WZc', '5tXh_MfrMe0'),
('PLvLX2y1VZ-tEmqtENBW39gdozqFCN_WZc', '5VO6bI-xrj8'),
('PLvLX2y1VZ-tEmqtENBW39gdozqFCN_WZc', '5zwq9RCeISY'),
('PLvLX2y1VZ-tEmqtENBW39gdozqFCN_WZc', '6C0QS3IDyP8'),
('PLvLX2y1VZ-tEmqtENBW39gdozqFCN_WZc', '6gRiWWcBKvs'),
('PLvLX2y1VZ-tEmqtENBW39gdozqFCN_WZc', '6jXrmAKBBTU'),
('PLvLX2y1VZ-tEmqtENBW39gdozqFCN_WZc', '6m63fCUJjj4'),
('PLvLX2y1VZ-tEmqtENBW39gdozqFCN_WZc', '6VQJHSnGIXk'),
('PLvLX2y1VZ-tEmqtENBW39gdozqFCN_WZc', '6XNl8w2pK3k'),
('PLvLX2y1VZ-tEmqtENBW39gdozqFCN_WZc', '6XyRdJr4LSc'),
('PLvLX2y1VZ-tEmqtENBW39gdozqFCN_WZc', '77Wsfi3fB70'),
('PLvLX2y1VZ-tEmqtENBW39gdozqFCN_WZc', '7fV6fmBerRg'),
('PLvLX2y1VZ-tEmqtENBW39gdozqFCN_WZc', '7HX4SfnVlP4'),
('PLvLX2y1VZ-tEmqtENBW39gdozqFCN_WZc', '7iC1gWwqp-Q'),
('PLvLX2y1VZ-tEmqtENBW39gdozqFCN_WZc', '7qH4qyi1-Ys'),
('PLvLX2y1VZ-tEmqtENBW39gdozqFCN_WZc', '7qzhngp7jh8'),
('PLvLX2y1VZ-tEmqtENBW39gdozqFCN_WZc', '7UCGzawJ1yg'),
('PLvLX2y1VZ-tEmqtENBW39gdozqFCN_WZc', '7yg05svXp98'),
('PLvLX2y1VZ-tEmqtENBW39gdozqFCN_WZc', '7yTKBwoVKqE'),
('PLvLX2y1VZ-tEmqtENBW39gdozqFCN_WZc', '8-vZlrBYLSU'),
('PLvLX2y1VZ-tEmqtENBW39gdozqFCN_WZc', '82dDnv9zeLs'),
('PLvLX2y1VZ-tEmqtENBW39gdozqFCN_WZc', '8D5XTXSbrms'),
('PLvLX2y1VZ-tEmqtENBW39gdozqFCN_WZc', '8IMn4c4MwM0'),
('PLvLX2y1VZ-tEmqtENBW39gdozqFCN_WZc', '8N2k-gv6xNE'),
('PLvLX2y1VZ-tEmqtENBW39gdozqFCN_WZc', '8peBUdlUNmM'),
('PLvLX2y1VZ-tEmqtENBW39gdozqFCN_WZc', '8PNjUPo7J9c'),
('PLvLX2y1VZ-tEmqtENBW39gdozqFCN_WZc', '8PvebsWcpto'),
('PLvLX2y1VZ-tEmqtENBW39gdozqFCN_WZc', '8tpctFgADu4'),
('PLvLX2y1VZ-tEmqtENBW39gdozqFCN_WZc', '8vS4i7LomZI'),
('PLvLX2y1VZ-tEmqtENBW39gdozqFCN_WZc', '8xg3vE8Ie_E'),
('PLvLX2y1VZ-tEmqtENBW39gdozqFCN_WZc', '8zO6Wnmp1DU'),
('PLvLX2y1VZ-tEmqtENBW39gdozqFCN_WZc', '924Ryk0jW7g'),
('PLvLX2y1VZ-tEmqtENBW39gdozqFCN_WZc', '9I5UV4VWCSk'),
('PLvLX2y1VZ-tEmqtENBW39gdozqFCN_WZc', '9IRNLeBoozo'),
('PLvLX2y1VZ-tEmqtENBW39gdozqFCN_WZc', '9jJf-p6RYvo'),
('PLvLX2y1VZ-tEmqtENBW39gdozqFCN_WZc', '9n5G0qFBsHM'),
('PLvLX2y1VZ-tEmqtENBW39gdozqFCN_WZc', '9RWm-IXjYz0'),
('PLvLX2y1VZ-tEmqtENBW39gdozqFCN_WZc', '9X_s4ftgfH8'),
('PLvLX2y1VZ-tEmqtENBW39gdozqFCN_WZc', 'A-Lo33Ep99I'),
('PLvLX2y1VZ-tEmqtENBW39gdozqFCN_WZc', 'a-Lp2uC_1lg'),
('PLvLX2y1VZ-tEmqtENBW39gdozqFCN_WZc', 'a89hagSQtRg'),
('PLvLX2y1VZ-tEmqtENBW39gdozqFCN_WZc', 'Aa9Y0Hlrlbs'),
('PLvLX2y1VZ-tEmqtENBW39gdozqFCN_WZc', 'ADC_6XFvIxk'),
('PLvLX2y1VZ-tEmqtENBW39gdozqFCN_WZc', 'AHz9qFCZOvs'),
('PLvLX2y1VZ-tEmqtENBW39gdozqFCN_WZc', 'aIq1LvzSLsk'),
('PLvLX2y1VZ-tEmqtENBW39gdozqFCN_WZc', 'aJAe5miXN_Y'),
('PLvLX2y1VZ-tEmqtENBW39gdozqFCN_WZc', 'ALV-QtDFpSw'),
('PLvLX2y1VZ-tEmqtENBW39gdozqFCN_WZc', 'aRh-vBOS-dU'),
('PLvLX2y1VZ-tEmqtENBW39gdozqFCN_WZc', 'asxrMSVrJ08'),
('PLvLX2y1VZ-tEmqtENBW39gdozqFCN_WZc', 'AxVKTwAkv1k'),
('PLvLX2y1VZ-tEmqtENBW39gdozqFCN_WZc', 'B4Hk6qDgQjA'),
('PLvLX2y1VZ-tEmqtENBW39gdozqFCN_WZc', 'bb1DTsxBOfE'),
('PLvLX2y1VZ-tEmqtENBW39gdozqFCN_WZc', 'BEVn9BOWPJg'),
('PLvLX2y1VZ-tEmqtENBW39gdozqFCN_WZc', 'bf7TA4ahshY'),
('PLvLX2y1VZ-tEmqtENBW39gdozqFCN_WZc', 'bFClhxM7LY4'),
('PLvLX2y1VZ-tEmqtENBW39gdozqFCN_WZc', 'BfoJnDg22NA'),
('PLvLX2y1VZ-tEmqtENBW39gdozqFCN_WZc', 'BhQbhDjtreI'),
('PLvLX2y1VZ-tEmqtENBW39gdozqFCN_WZc', 'BkpuLMsDn48'),
('PLvLX2y1VZ-tEmqtENBW39gdozqFCN_WZc', 'BKvE-WoooLE'),
('PLvLX2y1VZ-tEmqtENBW39gdozqFCN_WZc', 'BKZqGJONH68'),
('PLvLX2y1VZ-tEmqtENBW39gdozqFCN_WZc', 'bm1UtTmfTR8'),
('PLvLX2y1VZ-tEmqtENBW39gdozqFCN_WZc', 'bpFW4Yhy08k'),
('PLvLX2y1VZ-tEmqtENBW39gdozqFCN_WZc', 'BuMiMBjcvWU'),
('PLvLX2y1VZ-tEmqtENBW39gdozqFCN_WZc', 'BwyWmqV_RJc'),
('PLvLX2y1VZ-tEmqtENBW39gdozqFCN_WZc', 'BylRObFjmaE'),
('PLvLX2y1VZ-tEmqtENBW39gdozqFCN_WZc', 'byQIPdHMpjc'),
('PLvLX2y1VZ-tEmqtENBW39gdozqFCN_WZc', 'c6J6DDcdp2U'),
('PLvLX2y1VZ-tEmqtENBW39gdozqFCN_WZc', 'c80TFtL9c6k'),
('PLvLX2y1VZ-tEmqtENBW39gdozqFCN_WZc', 'CBQ01X-1AlI'),
('PLvLX2y1VZ-tEmqtENBW39gdozqFCN_WZc', 'cdV0sMoNYdk'),
('PLvLX2y1VZ-tEmqtENBW39gdozqFCN_WZc', 'cGa3zFRqDn4'),
('PLvLX2y1VZ-tEmqtENBW39gdozqFCN_WZc', 'CKT77CNGgxM'),
('PLvLX2y1VZ-tEmqtENBW39gdozqFCN_WZc', 'cMPEd8m79Hw'),
('PLvLX2y1VZ-tEmqtENBW39gdozqFCN_WZc', 'CPuvzaNb2JI'),
('PLvLX2y1VZ-tEmqtENBW39gdozqFCN_WZc', 'cQpCxmCY8aQ'),
('PLvLX2y1VZ-tEmqtENBW39gdozqFCN_WZc', 'crCqWK3SmRo'),
('PLvLX2y1VZ-tEmqtENBW39gdozqFCN_WZc', 'crKKhdbQA_A'),
('PLvLX2y1VZ-tEmqtENBW39gdozqFCN_WZc', 'Cwdb8RaiItI'),
('PLvLX2y1VZ-tEmqtENBW39gdozqFCN_WZc', 'D-5GnZYxI4M'),
('PLvLX2y1VZ-tEmqtENBW39gdozqFCN_WZc', 'd05tQrhNMkA'),
('PLvLX2y1VZ-tEmqtENBW39gdozqFCN_WZc', 'D1Xr-JFLxik'),
('PLvLX2y1VZ-tEmqtENBW39gdozqFCN_WZc', 'd7FspsAHqfQ'),
('PLvLX2y1VZ-tEmqtENBW39gdozqFCN_WZc', 'dbAp5nphTz4'),
('PLvLX2y1VZ-tEmqtENBW39gdozqFCN_WZc', 'dBN86y30Ufc'),
('PLvLX2y1VZ-tEmqtENBW39gdozqFCN_WZc', 'DDXLmYyFu4I'),
('PLvLX2y1VZ-tEmqtENBW39gdozqFCN_WZc', 'de1aPKXBdAE'),
('PLvLX2y1VZ-tEmqtENBW39gdozqFCN_WZc', 'dFlv4O7VE-A'),
('PLvLX2y1VZ-tEmqtENBW39gdozqFCN_WZc', 'dK-ozcitHPY'),
('PLvLX2y1VZ-tEmqtENBW39gdozqFCN_WZc', 'dls_cBmUt7Q'),
('PLvLX2y1VZ-tEmqtENBW39gdozqFCN_WZc', 'dozo2putXlc'),
('PLvLX2y1VZ-tEmqtENBW39gdozqFCN_WZc', 'dQe3DKDQRRs'),
('PLvLX2y1VZ-tEmqtENBW39gdozqFCN_WZc', 'DQYNM6SjD_o'),
('PLvLX2y1VZ-tEmqtENBW39gdozqFCN_WZc', 'dV0eMaIFlvA'),
('PLvLX2y1VZ-tEmqtENBW39gdozqFCN_WZc', 'DWrMeBR8W-c'),
('PLvLX2y1VZ-tEmqtENBW39gdozqFCN_WZc', 'e4ujS1er1r0'),
('PLvLX2y1VZ-tEmqtENBW39gdozqFCN_WZc', 'e79lpByTfXE'),
('PLvLX2y1VZ-tEmqtENBW39gdozqFCN_WZc', 'eGLdbpmXrbQ'),
('PLvLX2y1VZ-tEmqtENBW39gdozqFCN_WZc', 'eGXmf8VV5qI'),
('PLvLX2y1VZ-tEmqtENBW39gdozqFCN_WZc', 'Eh2PjkzW20w'),
('PLvLX2y1VZ-tEmqtENBW39gdozqFCN_WZc', 'eiBinM-f-Pk'),
('PLvLX2y1VZ-tEmqtENBW39gdozqFCN_WZc', 'ek4Zsw5_p0g'),
('PLvLX2y1VZ-tEmqtENBW39gdozqFCN_WZc', 'eM213aMKTHg'),
('PLvLX2y1VZ-tEmqtENBW39gdozqFCN_WZc', 'Eo2OIUpWznY'),
('PLvLX2y1VZ-tEmqtENBW39gdozqFCN_WZc', 'eopNLWRW0IM'),
('PLvLX2y1VZ-tEmqtENBW39gdozqFCN_WZc', 'ePjFAZKWKVo'),
('PLvLX2y1VZ-tEmqtENBW39gdozqFCN_WZc', 'EQi8m9LU5HI'),
('PLvLX2y1VZ-tEmqtENBW39gdozqFCN_WZc', 'ERdtkR4wq5A'),
('PLvLX2y1VZ-tEmqtENBW39gdozqFCN_WZc', 'ETVjll5eR88'),
('PLvLX2y1VZ-tEmqtENBW39gdozqFCN_WZc', 'EU-zks4FRlI'),
('PLvLX2y1VZ-tEmqtENBW39gdozqFCN_WZc', 'exwj7rBIM98'),
('PLvLX2y1VZ-tEmqtENBW39gdozqFCN_WZc', 'EYGwxf1gCC4'),
('PLvLX2y1VZ-tEmqtENBW39gdozqFCN_WZc', 'F7v2TmV3Zuc'),
('PLvLX2y1VZ-tEmqtENBW39gdozqFCN_WZc', 'F9nwPvjBsrk'),
('PLvLX2y1VZ-tEmqtENBW39gdozqFCN_WZc', 'fBEBbgQEJy4'),
('PLvLX2y1VZ-tEmqtENBW39gdozqFCN_WZc', 'FbQfE2Oi6Wo'),
('PLvLX2y1VZ-tEmqtENBW39gdozqFCN_WZc', 'FCd_zan3QFQ'),
('PLvLX2y1VZ-tEmqtENBW39gdozqFCN_WZc', 'FDUOcHg5ijg'),
('PLvLX2y1VZ-tEmqtENBW39gdozqFCN_WZc', 'ffej15-Dgl0'),
('PLvLX2y1VZ-tEmqtENBW39gdozqFCN_WZc', 'Fi13NxmjqLI'),
('PLvLX2y1VZ-tEmqtENBW39gdozqFCN_WZc', 'Fi4SWJGXDHY'),
('PLvLX2y1VZ-tEmqtENBW39gdozqFCN_WZc', 'fMn-6NtI814'),
('PLvLX2y1VZ-tEmqtENBW39gdozqFCN_WZc', 'fmO1u3ONYg8'),
('PLvLX2y1VZ-tEmqtENBW39gdozqFCN_WZc', 'fOKtbJfNLFk'),
('PLvLX2y1VZ-tEmqtENBW39gdozqFCN_WZc', 'fQPS2sk1VTY'),
('PLvLX2y1VZ-tEmqtENBW39gdozqFCN_WZc', 'fTqra4YSsaM'),
('PLvLX2y1VZ-tEmqtENBW39gdozqFCN_WZc', 'fWhvS8ciEpQ'),
('PLvLX2y1VZ-tEmqtENBW39gdozqFCN_WZc', 'fZSiBj4vCiY'),
('PLvLX2y1VZ-tEmqtENBW39gdozqFCN_WZc', 'G91KZ56mNbw'),
('PLvLX2y1VZ-tEmqtENBW39gdozqFCN_WZc', 'gDWepmUXk3w'),
('PLvLX2y1VZ-tEmqtENBW39gdozqFCN_WZc', 'GGQmKA15VCk'),
('PLvLX2y1VZ-tEmqtENBW39gdozqFCN_WZc', 'GhqbESuc2v8'),
('PLvLX2y1VZ-tEmqtENBW39gdozqFCN_WZc', 'GkD20ajVxnY'),
('PLvLX2y1VZ-tEmqtENBW39gdozqFCN_WZc', 'gPHnadJ-0hE'),
('PLvLX2y1VZ-tEmqtENBW39gdozqFCN_WZc', 'gq2ZJ418ad8'),
('PLvLX2y1VZ-tEmqtENBW39gdozqFCN_WZc', 'grakjh30Uu0'),
('PLvLX2y1VZ-tEmqtENBW39gdozqFCN_WZc', 'GvzaUUR1MhM'),
('PLvLX2y1VZ-tEmqtENBW39gdozqFCN_WZc', 'GZfj2Ir3GgQ'),
('PLvLX2y1VZ-tEmqtENBW39gdozqFCN_WZc', 'gZMCkufE0X0'),
('PLvLX2y1VZ-tEmqtENBW39gdozqFCN_WZc', 'H3-_omoYPsI'),
('PLvLX2y1VZ-tEmqtENBW39gdozqFCN_WZc', 'HH8AqsiF_rs'),
('PLvLX2y1VZ-tEmqtENBW39gdozqFCN_WZc', 'Ho5HV_9_o_E'),
('PLvLX2y1VZ-tEmqtENBW39gdozqFCN_WZc', 'HpFaI0dKAHc'),
('PLvLX2y1VZ-tEmqtENBW39gdozqFCN_WZc', 'HtjwM2BUAYc'),
('PLvLX2y1VZ-tEmqtENBW39gdozqFCN_WZc', 'HTzGMEfbnAw'),
('PLvLX2y1VZ-tEmqtENBW39gdozqFCN_WZc', 'hxR40O55O5g'),
('PLvLX2y1VZ-tEmqtENBW39gdozqFCN_WZc', 'HysrQgMOTRo'),
('PLvLX2y1VZ-tEmqtENBW39gdozqFCN_WZc', 'hYW__y01hFI'),
('PLvLX2y1VZ-tEmqtENBW39gdozqFCN_WZc', 'hz2L1v7Wkx8'),
('PLvLX2y1VZ-tEmqtENBW39gdozqFCN_WZc', 'I4keD5Qvya4'),
('PLvLX2y1VZ-tEmqtENBW39gdozqFCN_WZc', 'i8rMpN4o-b0'),
('PLvLX2y1VZ-tEmqtENBW39gdozqFCN_WZc', 'iaEmQJG2HHU'),
('PLvLX2y1VZ-tEmqtENBW39gdozqFCN_WZc', 'IbV6-3PlJAA'),
('PLvLX2y1VZ-tEmqtENBW39gdozqFCN_WZc', 'IerShGxNTYs'),
('PLvLX2y1VZ-tEmqtENBW39gdozqFCN_WZc', 'ighEKw6RDBQ'),
('PLvLX2y1VZ-tEmqtENBW39gdozqFCN_WZc', 'IH1Z9DEDqpk'),
('PLvLX2y1VZ-tEmqtENBW39gdozqFCN_WZc', 'IHIy2DcgHKY'),
('PLvLX2y1VZ-tEmqtENBW39gdozqFCN_WZc', 'IiHhTdg8qrc'),
('PLvLX2y1VZ-tEmqtENBW39gdozqFCN_WZc', 'inAj-sbwP7I'),
('PLvLX2y1VZ-tEmqtENBW39gdozqFCN_WZc', 'IOfjesTu_jY'),
('PLvLX2y1VZ-tEmqtENBW39gdozqFCN_WZc', 'iQkVUyqNyhQ'),
('PLvLX2y1VZ-tEmqtENBW39gdozqFCN_WZc', 'IrAoL3pVCDI'),
('PLvLX2y1VZ-tEmqtENBW39gdozqFCN_WZc', 'isLqoB3v_wI'),
('PLvLX2y1VZ-tEmqtENBW39gdozqFCN_WZc', 'iXi6IHFHeIA'),
('PLvLX2y1VZ-tEmqtENBW39gdozqFCN_WZc', 'IY2y-jbPdfA'),
('PLvLX2y1VZ-tEmqtENBW39gdozqFCN_WZc', 'IZbN_nmxAGk'),
('PLvLX2y1VZ-tEmqtENBW39gdozqFCN_WZc', 'izErE_oGt5A'),
('PLvLX2y1VZ-tEmqtENBW39gdozqFCN_WZc', 'iZRA-Dwv86E'),
('PLvLX2y1VZ-tEmqtENBW39gdozqFCN_WZc', 'j1IoLMqpRY4'),
('PLvLX2y1VZ-tEmqtENBW39gdozqFCN_WZc', 'J3HwFtdVTfM'),
('PLvLX2y1VZ-tEmqtENBW39gdozqFCN_WZc', 'J4_wXPZ1Bnk'),
('PLvLX2y1VZ-tEmqtENBW39gdozqFCN_WZc', 'j5GVa1yWYZM'),
('PLvLX2y1VZ-tEmqtENBW39gdozqFCN_WZc', 'j8lchkhrxcE'),
('PLvLX2y1VZ-tEmqtENBW39gdozqFCN_WZc', 'JA644rSZX1A'),
('PLvLX2y1VZ-tEmqtENBW39gdozqFCN_WZc', 'JCjXaEbrLdw'),
('PLvLX2y1VZ-tEmqtENBW39gdozqFCN_WZc', 'Je_24df8BZs'),
('PLvLX2y1VZ-tEmqtENBW39gdozqFCN_WZc', 'jfJWNULzufc'),
('PLvLX2y1VZ-tEmqtENBW39gdozqFCN_WZc', 'jH4YI1faPwU'),
('PLvLX2y1VZ-tEmqtENBW39gdozqFCN_WZc', 'Jj4nJ1YEAp4'),
('PLvLX2y1VZ-tEmqtENBW39gdozqFCN_WZc', 'JLn6ZYkGBP0'),
('PLvLX2y1VZ-tEmqtENBW39gdozqFCN_WZc', 'JnX2BoZE9w4'),
('PLvLX2y1VZ-tEmqtENBW39gdozqFCN_WZc', 'JpGdcg8TdVI'),
('PLvLX2y1VZ-tEmqtENBW39gdozqFCN_WZc', 'JSgyvCan8qg'),
('PLvLX2y1VZ-tEmqtENBW39gdozqFCN_WZc', 'JTT2LEyjdC4'),
('PLvLX2y1VZ-tEmqtENBW39gdozqFCN_WZc', 'JW5UEW2kYvc'),
('PLvLX2y1VZ-tEmqtENBW39gdozqFCN_WZc', 'JXAgv665J14'),
('PLvLX2y1VZ-tEmqtENBW39gdozqFCN_WZc', 'KagqMBLSDLo'),
('PLvLX2y1VZ-tEmqtENBW39gdozqFCN_WZc', 'KakmItBhBkM'),
('PLvLX2y1VZ-tEmqtENBW39gdozqFCN_WZc', 'kc823UD0LeU'),
('PLvLX2y1VZ-tEmqtENBW39gdozqFCN_WZc', 'kfqtO88ZlBQ'),
('PLvLX2y1VZ-tEmqtENBW39gdozqFCN_WZc', 'kkoT1nZOexY'),
('PLvLX2y1VZ-tEmqtENBW39gdozqFCN_WZc', 'KmxaY_OVvWA'),
('PLvLX2y1VZ-tEmqtENBW39gdozqFCN_WZc', 'kn-AB78kvvE'),
('PLvLX2y1VZ-tEmqtENBW39gdozqFCN_WZc', 'KNZH-emehxA'),
('PLvLX2y1VZ-tEmqtENBW39gdozqFCN_WZc', 'kQ8xqyoZXCc'),
('PLvLX2y1VZ-tEmqtENBW39gdozqFCN_WZc', 'KtKXc_v2iLE'),
('PLvLX2y1VZ-tEmqtENBW39gdozqFCN_WZc', 'KtNYA4pAGjI'),
('PLvLX2y1VZ-tEmqtENBW39gdozqFCN_WZc', 'KxEwxWWPyhg'),
('PLvLX2y1VZ-tEmqtENBW39gdozqFCN_WZc', 'kXmmXAUqfd8'),
('PLvLX2y1VZ-tEmqtENBW39gdozqFCN_WZc', 'kxOYvI0pfLo'),
('PLvLX2y1VZ-tEmqtENBW39gdozqFCN_WZc', 'KZA_yZ75kkQ'),
('PLvLX2y1VZ-tEmqtENBW39gdozqFCN_WZc', 'l2gGXlW6wSY'),
('PLvLX2y1VZ-tEmqtENBW39gdozqFCN_WZc', 'l50L4GYhpLc'),
('PLvLX2y1VZ-tEmqtENBW39gdozqFCN_WZc', 'l5DnNxDTjbQ'),
('PLvLX2y1VZ-tEmqtENBW39gdozqFCN_WZc', 'L7XK_zNq930'),
('PLvLX2y1VZ-tEmqtENBW39gdozqFCN_WZc', 'lAj-Q_W9AT4'),
('PLvLX2y1VZ-tEmqtENBW39gdozqFCN_WZc', 'lB8Nkn3Xjes'),
('PLvLX2y1VZ-tEmqtENBW39gdozqFCN_WZc', 'Lb9q1ScC4cg'),
('PLvLX2y1VZ-tEmqtENBW39gdozqFCN_WZc', 'lBDN8yWyNYU'),
('PLvLX2y1VZ-tEmqtENBW39gdozqFCN_WZc', 'ldQrapQ4d0Y'),
('PLvLX2y1VZ-tEmqtENBW39gdozqFCN_WZc', 'LduiYNQXI0A'),
('PLvLX2y1VZ-tEmqtENBW39gdozqFCN_WZc', 'LiUqgL5urWc'),
('PLvLX2y1VZ-tEmqtENBW39gdozqFCN_WZc', 'lJIB_s_7dcw'),
('PLvLX2y1VZ-tEmqtENBW39gdozqFCN_WZc', 'lLmNaCgjkYQ'),
('PLvLX2y1VZ-tEmqtENBW39gdozqFCN_WZc', 'LP5irLCDB4Q'),
('PLvLX2y1VZ-tEmqtENBW39gdozqFCN_WZc', 'LraOiHUltak'),
('PLvLX2y1VZ-tEmqtENBW39gdozqFCN_WZc', 'LSTPIUz_QY4'),
('PLvLX2y1VZ-tEmqtENBW39gdozqFCN_WZc', 'lvR1YgT7QYs'),
('PLvLX2y1VZ-tEmqtENBW39gdozqFCN_WZc', 'lydBPm2KRaU'),
('PLvLX2y1VZ-tEmqtENBW39gdozqFCN_WZc', 'LZ34LlaIk88'),
('PLvLX2y1VZ-tEmqtENBW39gdozqFCN_WZc', 'm36xv75MJ4U'),
('PLvLX2y1VZ-tEmqtENBW39gdozqFCN_WZc', 'MdkIJm65ytM'),
('PLvLX2y1VZ-tEmqtENBW39gdozqFCN_WZc', 'MgJ7v8D8iFE'),
('PLvLX2y1VZ-tEmqtENBW39gdozqFCN_WZc', 'MmxqAGmAttU'),
('PLvLX2y1VZ-tEmqtENBW39gdozqFCN_WZc', 'mpc3ffTLm_g'),
('PLvLX2y1VZ-tEmqtENBW39gdozqFCN_WZc', 'MRdm4wcm3XE'),
('PLvLX2y1VZ-tEmqtENBW39gdozqFCN_WZc', 'mSX2vUQJEvk'),
('PLvLX2y1VZ-tEmqtENBW39gdozqFCN_WZc', 'mUFObCZtGWQ'),
('PLvLX2y1VZ-tEmqtENBW39gdozqFCN_WZc', 'mvCgSqPZ4EM'),
('PLvLX2y1VZ-tEmqtENBW39gdozqFCN_WZc', 'Mynzbmrtp9I'),
('PLvLX2y1VZ-tEmqtENBW39gdozqFCN_WZc', 'MzU_M_e961E'),
('PLvLX2y1VZ-tEmqtENBW39gdozqFCN_WZc', 'm_2-XrjBAFM'),
('PLvLX2y1VZ-tEmqtENBW39gdozqFCN_WZc', 'n00g71TySS4'),
('PLvLX2y1VZ-tEmqtENBW39gdozqFCN_WZc', 'N1GfEl8XUc4'),
('PLvLX2y1VZ-tEmqtENBW39gdozqFCN_WZc', 'n56hFE9Aquc'),
('PLvLX2y1VZ-tEmqtENBW39gdozqFCN_WZc', 'N5n24FEw1H4'),
('PLvLX2y1VZ-tEmqtENBW39gdozqFCN_WZc', 'N6ODMKSWzT4'),
('PLvLX2y1VZ-tEmqtENBW39gdozqFCN_WZc', 'N8i5NLyXZdc'),
('PLvLX2y1VZ-tEmqtENBW39gdozqFCN_WZc', 'nADTbWQof7Y'),
('PLvLX2y1VZ-tEmqtENBW39gdozqFCN_WZc', 'NbE3TUegz3s'),
('PLvLX2y1VZ-tEmqtENBW39gdozqFCN_WZc', 'nCf2PoTuh4Q'),
('PLvLX2y1VZ-tEmqtENBW39gdozqFCN_WZc', 'ND-SB3OxP38'),
('PLvLX2y1VZ-tEmqtENBW39gdozqFCN_WZc', 'NEJniCCuqR4'),
('PLvLX2y1VZ-tEmqtENBW39gdozqFCN_WZc', 'nEO139KXB6s'),
('PLvLX2y1VZ-tEmqtENBW39gdozqFCN_WZc', 'nEQj6RrQbgA'),
('PLvLX2y1VZ-tEmqtENBW39gdozqFCN_WZc', 'Nh2dZWH762w'),
('PLvLX2y1VZ-tEmqtENBW39gdozqFCN_WZc', 'NHxS8wlDngI'),
('PLvLX2y1VZ-tEmqtENBW39gdozqFCN_WZc', 'Nj2700em-JQ'),
('PLvLX2y1VZ-tEmqtENBW39gdozqFCN_WZc', 'nk1g6jJTsXY'),
('PLvLX2y1VZ-tEmqtENBW39gdozqFCN_WZc', 'NKwer9PEsJw'),
('PLvLX2y1VZ-tEmqtENBW39gdozqFCN_WZc', 'NmD1miGKI3s'),
('PLvLX2y1VZ-tEmqtENBW39gdozqFCN_WZc', 'noEr7kmqBXE'),
('PLvLX2y1VZ-tEmqtENBW39gdozqFCN_WZc', 'NOoNcDkJhsI'),
('PLvLX2y1VZ-tEmqtENBW39gdozqFCN_WZc', 'o0MIFHLIzZY'),
('PLvLX2y1VZ-tEmqtENBW39gdozqFCN_WZc', 'o1BGRqz9l2o'),
('PLvLX2y1VZ-tEmqtENBW39gdozqFCN_WZc', 'o1C3mVUkAt8'),
('PLvLX2y1VZ-tEmqtENBW39gdozqFCN_WZc', 'o1JOFhfoAD4'),
('PLvLX2y1VZ-tEmqtENBW39gdozqFCN_WZc', 'o4Yzj-m_SBk'),
('PLvLX2y1VZ-tEmqtENBW39gdozqFCN_WZc', 'oajuSNChUOo'),
('PLvLX2y1VZ-tEmqtENBW39gdozqFCN_WZc', 'OGoiiwxTWeE'),
('PLvLX2y1VZ-tEmqtENBW39gdozqFCN_WZc', 'oIMWP2qGE_U'),
('PLvLX2y1VZ-tEmqtENBW39gdozqFCN_WZc', 'oKar-tF__ac'),
('PLvLX2y1VZ-tEmqtENBW39gdozqFCN_WZc', 'oM7NQQ0Lfu4'),
('PLvLX2y1VZ-tEmqtENBW39gdozqFCN_WZc', 'oouFE51HcqM'),
('PLvLX2y1VZ-tEmqtENBW39gdozqFCN_WZc', 'or-Lam5tPHc'),
('PLvLX2y1VZ-tEmqtENBW39gdozqFCN_WZc', 'orsi_DXJnyY'),
('PLvLX2y1VZ-tEmqtENBW39gdozqFCN_WZc', 'oS1NfjLkdSM'),
('PLvLX2y1VZ-tEmqtENBW39gdozqFCN_WZc', 'oVEBZLrjpw4'),
('PLvLX2y1VZ-tEmqtENBW39gdozqFCN_WZc', 'O_Z6LTx9OD0'),
('PLvLX2y1VZ-tEmqtENBW39gdozqFCN_WZc', 'p5Rlgu4L9J4'),
('PLvLX2y1VZ-tEmqtENBW39gdozqFCN_WZc', 'Pb-K2tXWK4w'),
('PLvLX2y1VZ-tEmqtENBW39gdozqFCN_WZc', 'pd6QdV1Zyv8'),
('PLvLX2y1VZ-tEmqtENBW39gdozqFCN_WZc', 'PIPfNFdXqI8'),
('PLvLX2y1VZ-tEmqtENBW39gdozqFCN_WZc', 'PJe754cLbok'),
('PLvLX2y1VZ-tEmqtENBW39gdozqFCN_WZc', 'pJgoHgpsb9I'),
('PLvLX2y1VZ-tEmqtENBW39gdozqFCN_WZc', 'PKpQRjj_WbU'),
('PLvLX2y1VZ-tEmqtENBW39gdozqFCN_WZc', 'Pljp0RHbKmA'),
('PLvLX2y1VZ-tEmqtENBW39gdozqFCN_WZc', 'pojL_35QlSI'),
('PLvLX2y1VZ-tEmqtENBW39gdozqFCN_WZc', 'ptSjNWnzpjg'),
('PLvLX2y1VZ-tEmqtENBW39gdozqFCN_WZc', 'PufzNvXdJog'),
('PLvLX2y1VZ-tEmqtENBW39gdozqFCN_WZc', 'puiJKDWFars'),
('PLvLX2y1VZ-tEmqtENBW39gdozqFCN_WZc', 'Px-oCnms8Pg'),
('PLvLX2y1VZ-tEmqtENBW39gdozqFCN_WZc', 'PXqR5O0ulT4'),
('PLvLX2y1VZ-tEmqtENBW39gdozqFCN_WZc', 'py5VdvxO9cE'),
('PLvLX2y1VZ-tEmqtENBW39gdozqFCN_WZc', 'PyRZTAmcW7c'),
('PLvLX2y1VZ-tEmqtENBW39gdozqFCN_WZc', 'q5dyRkJz0OE'),
('PLvLX2y1VZ-tEmqtENBW39gdozqFCN_WZc', 'Q65KZIqay4E'),
('PLvLX2y1VZ-tEmqtENBW39gdozqFCN_WZc', 'Q8XkLrErSHw'),
('PLvLX2y1VZ-tEmqtENBW39gdozqFCN_WZc', 'QAniOB1Ts4k'),
('PLvLX2y1VZ-tEmqtENBW39gdozqFCN_WZc', 'QCXiUC12YnA'),
('PLvLX2y1VZ-tEmqtENBW39gdozqFCN_WZc', 'qdflARH06dY'),
('PLvLX2y1VZ-tEmqtENBW39gdozqFCN_WZc', 'qebEy8p6pAY'),
('PLvLX2y1VZ-tEmqtENBW39gdozqFCN_WZc', 'qGEubdH8m0s'),
('PLvLX2y1VZ-tEmqtENBW39gdozqFCN_WZc', 'qi5nE4cPFAQ'),
('PLvLX2y1VZ-tEmqtENBW39gdozqFCN_WZc', 'qogVHlmFcx0'),
('PLvLX2y1VZ-tEmqtENBW39gdozqFCN_WZc', 'QoR2Oax82kY'),
('PLvLX2y1VZ-tEmqtENBW39gdozqFCN_WZc', 'qQ71RWJhS_M'),
('PLvLX2y1VZ-tEmqtENBW39gdozqFCN_WZc', 'QrM39m22jH4'),
('PLvLX2y1VZ-tEmqtENBW39gdozqFCN_WZc', 'QsRMlR0CUt8'),
('PLvLX2y1VZ-tEmqtENBW39gdozqFCN_WZc', 'QUwxKWT6m7U'),
('PLvLX2y1VZ-tEmqtENBW39gdozqFCN_WZc', 'QWEUuY5iMzI'),
('PLvLX2y1VZ-tEmqtENBW39gdozqFCN_WZc', 'r1gTdbL83e4'),
('PLvLX2y1VZ-tEmqtENBW39gdozqFCN_WZc', 'rB7ONnfIjaI'),
('PLvLX2y1VZ-tEmqtENBW39gdozqFCN_WZc', 'rbIfI-8iYuA'),
('PLvLX2y1VZ-tEmqtENBW39gdozqFCN_WZc', 'RdIQJ35Ej58'),
('PLvLX2y1VZ-tEmqtENBW39gdozqFCN_WZc', 'rek_Cxrc1pE'),
('PLvLX2y1VZ-tEmqtENBW39gdozqFCN_WZc', 'RhoevrOkaow'),
('PLvLX2y1VZ-tEmqtENBW39gdozqFCN_WZc', 'rKFx0MMqb48'),
('PLvLX2y1VZ-tEmqtENBW39gdozqFCN_WZc', 'RM5aW83L_DE'),
('PLvLX2y1VZ-tEmqtENBW39gdozqFCN_WZc', 'RNOTF-znQyw'),
('PLvLX2y1VZ-tEmqtENBW39gdozqFCN_WZc', 'RPILrZTBedY'),
('PLvLX2y1VZ-tEmqtENBW39gdozqFCN_WZc', 'rRJ0lpu6XaU'),
('PLvLX2y1VZ-tEmqtENBW39gdozqFCN_WZc', 'Rs38lKxmtI4'),
('PLvLX2y1VZ-tEmqtENBW39gdozqFCN_WZc', 'rs5f8CYyLBo'),
('PLvLX2y1VZ-tEmqtENBW39gdozqFCN_WZc', 'ruNrdmjcNTc'),
('PLvLX2y1VZ-tEmqtENBW39gdozqFCN_WZc', 'ruyaKdPfTN4'),
('PLvLX2y1VZ-tEmqtENBW39gdozqFCN_WZc', 'RV-Z1YwaOiw'),
('PLvLX2y1VZ-tEmqtENBW39gdozqFCN_WZc', 'RYKnP-6cDWE'),
('PLvLX2y1VZ-tEmqtENBW39gdozqFCN_WZc', 'r_DVyJh0ngo'),
('PLvLX2y1VZ-tEmqtENBW39gdozqFCN_WZc', 'S-Ac3uVAPZY'),
('PLvLX2y1VZ-tEmqtENBW39gdozqFCN_WZc', 's1JjxrvaxJM'),
('PLvLX2y1VZ-tEmqtENBW39gdozqFCN_WZc', 'S4WvK442P6U'),
('PLvLX2y1VZ-tEmqtENBW39gdozqFCN_WZc', 'S9ZbuIRPwFg'),
('PLvLX2y1VZ-tEmqtENBW39gdozqFCN_WZc', 'Sco_eBvXGTQ'),
('PLvLX2y1VZ-tEmqtENBW39gdozqFCN_WZc', 'SDZwBjJQ3ZA'),
('PLvLX2y1VZ-tEmqtENBW39gdozqFCN_WZc', 'sestSq6hRHI'),
('PLvLX2y1VZ-tEmqtENBW39gdozqFCN_WZc', 'sfjon-ZTqzU'),
('PLvLX2y1VZ-tEmqtENBW39gdozqFCN_WZc', 'skAOb_EUE_M'),
('PLvLX2y1VZ-tEmqtENBW39gdozqFCN_WZc', 'sMPNjPpdjKU'),
('PLvLX2y1VZ-tEmqtENBW39gdozqFCN_WZc', 'SN1gi8oq74g'),
('PLvLX2y1VZ-tEmqtENBW39gdozqFCN_WZc', 'sSN4ybN0jzg'),
('PLvLX2y1VZ-tEmqtENBW39gdozqFCN_WZc', 'swRJeMsk21g'),
('PLvLX2y1VZ-tEmqtENBW39gdozqFCN_WZc', 'T1pMmg4_FWU'),
('PLvLX2y1VZ-tEmqtENBW39gdozqFCN_WZc', 't2y1wtum9Ww'),
('PLvLX2y1VZ-tEmqtENBW39gdozqFCN_WZc', 'tdsJI8Wc2D4'),
('PLvLX2y1VZ-tEmqtENBW39gdozqFCN_WZc', 'tl1uv6gB4hE'),
('PLvLX2y1VZ-tEmqtENBW39gdozqFCN_WZc', 'TNpLSaCirj8'),
('PLvLX2y1VZ-tEmqtENBW39gdozqFCN_WZc', 'TQK0d72Jom8'),
('PLvLX2y1VZ-tEmqtENBW39gdozqFCN_WZc', 'TTA2buWlNyM'),
('PLvLX2y1VZ-tEmqtENBW39gdozqFCN_WZc', 'TtArla7PVsM'),
('PLvLX2y1VZ-tEmqtENBW39gdozqFCN_WZc', 'ttggMJeUAo4'),
('PLvLX2y1VZ-tEmqtENBW39gdozqFCN_WZc', 'TZBrBJseyv0'),
('PLvLX2y1VZ-tEmqtENBW39gdozqFCN_WZc', 'T_igmjEB560'),
('PLvLX2y1VZ-tEmqtENBW39gdozqFCN_WZc', 'u2V4UUjYBsA'),
('PLvLX2y1VZ-tEmqtENBW39gdozqFCN_WZc', 'U8gmlu9YYj0'),
('PLvLX2y1VZ-tEmqtENBW39gdozqFCN_WZc', 'U8TsAh-zYFI'),
('PLvLX2y1VZ-tEmqtENBW39gdozqFCN_WZc', 'u9OKO1pyOlk'),
('PLvLX2y1VZ-tEmqtENBW39gdozqFCN_WZc', 'ubKUP8c0FHE'),
('PLvLX2y1VZ-tEmqtENBW39gdozqFCN_WZc', 'UbxUSsFXYo4'),
('PLvLX2y1VZ-tEmqtENBW39gdozqFCN_WZc', 'uFz61X2PQTw'),
('PLvLX2y1VZ-tEmqtENBW39gdozqFCN_WZc', 'uHZJej98_T0'),
('PLvLX2y1VZ-tEmqtENBW39gdozqFCN_WZc', 'UkLp4S-x5b4'),
('PLvLX2y1VZ-tEmqtENBW39gdozqFCN_WZc', 'un3dliDmtWI'),
('PLvLX2y1VZ-tEmqtENBW39gdozqFCN_WZc', 'uNkF_ZpQ4eg'),
('PLvLX2y1VZ-tEmqtENBW39gdozqFCN_WZc', 'UoKvUYbGu7A'),
('PLvLX2y1VZ-tEmqtENBW39gdozqFCN_WZc', 'Up06CryWQpE'),
('PLvLX2y1VZ-tEmqtENBW39gdozqFCN_WZc', 'usGv0gB2zEU'),
('PLvLX2y1VZ-tEmqtENBW39gdozqFCN_WZc', 'UumRkksN-LE'),
('PLvLX2y1VZ-tEmqtENBW39gdozqFCN_WZc', 'uVpQqdBzAcU'),
('PLvLX2y1VZ-tEmqtENBW39gdozqFCN_WZc', 'UwleDNQGpTk'),
('PLvLX2y1VZ-tEmqtENBW39gdozqFCN_WZc', 'uWu4aynBK7E'),
('PLvLX2y1VZ-tEmqtENBW39gdozqFCN_WZc', 'V0O0nzkESTI'),
('PLvLX2y1VZ-tEmqtENBW39gdozqFCN_WZc', 'v2CUJ3DoxYk'),
('PLvLX2y1VZ-tEmqtENBW39gdozqFCN_WZc', 'v4XtBiWgXLE'),
('PLvLX2y1VZ-tEmqtENBW39gdozqFCN_WZc', 'vANZfQ1bTAk'),
('PLvLX2y1VZ-tEmqtENBW39gdozqFCN_WZc', 'vBErCVNP6rM'),
('PLvLX2y1VZ-tEmqtENBW39gdozqFCN_WZc', 'VecunpIqlg0'),
('PLvLX2y1VZ-tEmqtENBW39gdozqFCN_WZc', 'Vef03k5i8VI'),
('PLvLX2y1VZ-tEmqtENBW39gdozqFCN_WZc', 'VGI6VZ8osww'),
('PLvLX2y1VZ-tEmqtENBW39gdozqFCN_WZc', 'VH3EzMhDJE8'),
('PLvLX2y1VZ-tEmqtENBW39gdozqFCN_WZc', 'VjxY7xmhJ6o'),
('PLvLX2y1VZ-tEmqtENBW39gdozqFCN_WZc', 'VMmc1cR_zLA'),
('PLvLX2y1VZ-tEmqtENBW39gdozqFCN_WZc', 'vP03ysPvfvc'),
('PLvLX2y1VZ-tEmqtENBW39gdozqFCN_WZc', 'vTnWFT3DvVA'),
('PLvLX2y1VZ-tEmqtENBW39gdozqFCN_WZc', 'vuha_SUwoBU'),
('PLvLX2y1VZ-tEmqtENBW39gdozqFCN_WZc', 'VuNIsY6JdUw'),
('PLvLX2y1VZ-tEmqtENBW39gdozqFCN_WZc', 'VwgCBRj3dn4'),
('PLvLX2y1VZ-tEmqtENBW39gdozqFCN_WZc', 'vy2Ov4xYR3Y'),
('PLvLX2y1VZ-tEmqtENBW39gdozqFCN_WZc', 'VZC_wkIW4U4'),
('PLvLX2y1VZ-tEmqtENBW39gdozqFCN_WZc', 'v_yTphvyiPU'),
('PLvLX2y1VZ-tEmqtENBW39gdozqFCN_WZc', 'W10EJnhrkv8'),
('PLvLX2y1VZ-tEmqtENBW39gdozqFCN_WZc', 'W1GZzucDMlQ'),
('PLvLX2y1VZ-tEmqtENBW39gdozqFCN_WZc', 'w1oM3kQpXRo'),
('PLvLX2y1VZ-tEmqtENBW39gdozqFCN_WZc', 'WaSy8yy-mr8'),
('PLvLX2y1VZ-tEmqtENBW39gdozqFCN_WZc', 'WKFcPnxeyWI'),
('PLvLX2y1VZ-tEmqtENBW39gdozqFCN_WZc', 'wmHjOCZw43U'),
('PLvLX2y1VZ-tEmqtENBW39gdozqFCN_WZc', 'wn-7jpGEa9U'),
('PLvLX2y1VZ-tEmqtENBW39gdozqFCN_WZc', 'WO4wcNVbYOQ'),
('PLvLX2y1VZ-tEmqtENBW39gdozqFCN_WZc', 'WOHPuY88Ry4'),
('PLvLX2y1VZ-tEmqtENBW39gdozqFCN_WZc', 'WPcASvgb7yg'),
('PLvLX2y1VZ-tEmqtENBW39gdozqFCN_WZc', 'wtVeDaZxAXo'),
('PLvLX2y1VZ-tEmqtENBW39gdozqFCN_WZc', 'wuTU6jIIyiI'),
('PLvLX2y1VZ-tEmqtENBW39gdozqFCN_WZc', 'WwRrKaq0IyY'),
('PLvLX2y1VZ-tEmqtENBW39gdozqFCN_WZc', 'x5XvT8NMI8g'),
('PLvLX2y1VZ-tEmqtENBW39gdozqFCN_WZc', 'X6NLgzKwyd4'),
('PLvLX2y1VZ-tEmqtENBW39gdozqFCN_WZc', 'X75sVw0xH2c'),
('PLvLX2y1VZ-tEmqtENBW39gdozqFCN_WZc', 'X7bHe--mp1g'),
('PLvLX2y1VZ-tEmqtENBW39gdozqFCN_WZc', 'X7R4O7vqB4Q'),
('PLvLX2y1VZ-tEmqtENBW39gdozqFCN_WZc', 'x8A9Y1Dq_cQ'),
('PLvLX2y1VZ-tEmqtENBW39gdozqFCN_WZc', 'XCC-c7B5-Aw'),
('PLvLX2y1VZ-tEmqtENBW39gdozqFCN_WZc', 'XFS0gtyyRP8'),
('PLvLX2y1VZ-tEmqtENBW39gdozqFCN_WZc', 'xKCek6_dB0M'),
('PLvLX2y1VZ-tEmqtENBW39gdozqFCN_WZc', 'xN4XpIbEY-Y'),
('PLvLX2y1VZ-tEmqtENBW39gdozqFCN_WZc', 'xNzwDGowebo'),
('PLvLX2y1VZ-tEmqtENBW39gdozqFCN_WZc', 'xP-Sxfntdb4'),
('PLvLX2y1VZ-tEmqtENBW39gdozqFCN_WZc', 'xrEzr-rWwe8'),
('PLvLX2y1VZ-tEmqtENBW39gdozqFCN_WZc', 'XSEcrcxUs7M'),
('PLvLX2y1VZ-tEmqtENBW39gdozqFCN_WZc', 'XtMy5IBmX7E'),
('PLvLX2y1VZ-tEmqtENBW39gdozqFCN_WZc', 'xvaEJzoaYZk'),
('PLvLX2y1VZ-tEmqtENBW39gdozqFCN_WZc', 'XvtXgNtYFMs'),
('PLvLX2y1VZ-tEmqtENBW39gdozqFCN_WZc', 'XW-j71Rp7Y0'),
('PLvLX2y1VZ-tEmqtENBW39gdozqFCN_WZc', 'XxWjtWONuGc'),
('PLvLX2y1VZ-tEmqtENBW39gdozqFCN_WZc', 'xz32I_GbpeU'),
('PLvLX2y1VZ-tEmqtENBW39gdozqFCN_WZc', 'xZjosn2u1gA'),
('PLvLX2y1VZ-tEmqtENBW39gdozqFCN_WZc', 'y5ISTO6GiLk'),
('PLvLX2y1VZ-tEmqtENBW39gdozqFCN_WZc', 'Y7xCFNRvHRg'),
('PLvLX2y1VZ-tEmqtENBW39gdozqFCN_WZc', 'Y9j5G-FdSpk'),
('PLvLX2y1VZ-tEmqtENBW39gdozqFCN_WZc', 'yBfcBVt6Etk'),
('PLvLX2y1VZ-tEmqtENBW39gdozqFCN_WZc', 'yCMqcFAigRg'),
('PLvLX2y1VZ-tEmqtENBW39gdozqFCN_WZc', 'yCmsZUN4r_s'),
('PLvLX2y1VZ-tEmqtENBW39gdozqFCN_WZc', 'yCSMCgqlc-0'),
('PLvLX2y1VZ-tEmqtENBW39gdozqFCN_WZc', 'YhsTB4rq1XU'),
('PLvLX2y1VZ-tEmqtENBW39gdozqFCN_WZc', 'YOWDZlIjSX8'),
('PLvLX2y1VZ-tEmqtENBW39gdozqFCN_WZc', 'yVdnvQsKyUs'),
('PLvLX2y1VZ-tEmqtENBW39gdozqFCN_WZc', 'ywtJYvDBKek'),
('PLvLX2y1VZ-tEmqtENBW39gdozqFCN_WZc', 'Z1VRIS-kZPI'),
('PLvLX2y1VZ-tEmqtENBW39gdozqFCN_WZc', 'zCvgXw-Bh04'),
('PLvLX2y1VZ-tEmqtENBW39gdozqFCN_WZc', 'zDj7hiQza2A'),
('PLvLX2y1VZ-tEmqtENBW39gdozqFCN_WZc', 'zGCyl_tIJDE'),
('PLvLX2y1VZ-tEmqtENBW39gdozqFCN_WZc', 'ZJL4UGSbeFg'),
('PLvLX2y1VZ-tEmqtENBW39gdozqFCN_WZc', 'zPG1n1B0Ydw'),
('PLvLX2y1VZ-tEmqtENBW39gdozqFCN_WZc', 'zplc4Ienkws'),
('PLvLX2y1VZ-tEmqtENBW39gdozqFCN_WZc', 'ZV1oQiRdoPc'),
('PLvLX2y1VZ-tEmqtENBW39gdozqFCN_WZc', 'zV40NzkqJrw'),
('PLvLX2y1VZ-tEmqtENBW39gdozqFCN_WZc', 'ZWP7ZtVLPd4'),
('PLvLX2y1VZ-tEmqtENBW39gdozqFCN_WZc', 'ZXYiFWmQtuA'),
('PLvLX2y1VZ-tEmqtENBW39gdozqFCN_WZc', 'zYXHS3OWdKo'),
('PLvLX2y1VZ-tEmqtENBW39gdozqFCN_WZc', 'ZzdYBkA2OuU'),
('PLvLX2y1VZ-tEmqtENBW39gdozqFCN_WZc', '_0tTzPyg-7M'),
('PLvLX2y1VZ-tEmqtENBW39gdozqFCN_WZc', '_7gjwS13smI'),
('PLvLX2y1VZ-tEmqtENBW39gdozqFCN_WZc', '_9TShlMkQnc'),
('PLvLX2y1VZ-tEmqtENBW39gdozqFCN_WZc', '_KlRznM81Jw'),
('PLvLX2y1VZ-tEmqtENBW39gdozqFCN_WZc', '_Lcnvd8BNFE'),
('PLvLX2y1VZ-tEmqtENBW39gdozqFCN_WZc', '_MOavH-Eivw'),
('PLvLX2y1VZ-tEmqtENBW39gdozqFCN_WZc', '_qqvdOwoN-Y'),
('PLvLX2y1VZ-tEmqtENBW39gdozqFCN_WZc', '_XIANQM3xm0'),
('PLvLX2y1VZ-tEmqtENBW39gdozqFCN_WZc', '__HPfmvaWRw'),
('PLwn8mT6-a4yJ5BzBJ9fdnYYvyW5tftKDE', '0KSOMA3QBU0'),
('PLwn8mT6-a4yJ5BzBJ9fdnYYvyW5tftKDE', '7RMQksXpQSk'),
('PLwn8mT6-a4yJ5BzBJ9fdnYYvyW5tftKDE', '98WtmW-lfeE'),
('PLwn8mT6-a4yJ5BzBJ9fdnYYvyW5tftKDE', 'Ahha3Cqe_fk'),
('PLwn8mT6-a4yJ5BzBJ9fdnYYvyW5tftKDE', 'CevxZvSJLk8'),
('PLwn8mT6-a4yJ5BzBJ9fdnYYvyW5tftKDE', 'F57P9C4SAW4'),
('PLwn8mT6-a4yJ5BzBJ9fdnYYvyW5tftKDE', 'jqYxyd1iSNk'),
('PLwn8mT6-a4yJ5BzBJ9fdnYYvyW5tftKDE', 'k0BWlvnBmIE'),
('PLwn8mT6-a4yJ5BzBJ9fdnYYvyW5tftKDE', 'KlyXNRrsk4A'),
('PLwn8mT6-a4yJ5BzBJ9fdnYYvyW5tftKDE', 'kTHNpusq654'),
('PLwn8mT6-a4yJ5BzBJ9fdnYYvyW5tftKDE', 'QGJuMBdaqIw'),
('PLwn8mT6-a4yJ5BzBJ9fdnYYvyW5tftKDE', 't5Sd5c4o9UM'),
('PLwn8mT6-a4yJ5BzBJ9fdnYYvyW5tftKDE', 'tAp9BKosZXs'),
('PLwn8mT6-a4yJ5BzBJ9fdnYYvyW5tftKDE', 'uuwfgXD8qV8'),
('PLwn8mT6-a4yJ5BzBJ9fdnYYvyW5tftKDE', 'XjwZAa2EjKA'),
('PLxDK1ljLuw8TkAMevx_hg9XEPqw_AXvSo', '1F2zl4LqSlg'),
('PLxDK1ljLuw8TkAMevx_hg9XEPqw_AXvSo', '2L6XJOjCaAE'),
('PLxDK1ljLuw8TkAMevx_hg9XEPqw_AXvSo', 'C77DFsPKxv0'),
('PLxDK1ljLuw8TkAMevx_hg9XEPqw_AXvSo', 'e5CMDmxtpbc'),
('PLxDK1ljLuw8TkAMevx_hg9XEPqw_AXvSo', 'E7xUZkKd58c'),
('PLxDK1ljLuw8TkAMevx_hg9XEPqw_AXvSo', 'fBQZnHv74dQ'),
('PLxDK1ljLuw8TkAMevx_hg9XEPqw_AXvSo', 'Jaj1zE0sUCI'),
('PLxDK1ljLuw8TkAMevx_hg9XEPqw_AXvSo', 'lDQc6SMNwgY'),
('PLxDK1ljLuw8TkAMevx_hg9XEPqw_AXvSo', 'N5OZCKxj158'),
('PLxDK1ljLuw8TkAMevx_hg9XEPqw_AXvSo', 'OKNAfTowygA'),
('PLxDK1ljLuw8TkAMevx_hg9XEPqw_AXvSo', 'QeYSqZPzwr8'),
('PLxDK1ljLuw8TkAMevx_hg9XEPqw_AXvSo', 'R3BA7OXI8CA'),
('PLxDK1ljLuw8TkAMevx_hg9XEPqw_AXvSo', 'rkVM4AxzxCE'),
('PLxDK1ljLuw8TkAMevx_hg9XEPqw_AXvSo', 'ShZsCZiK7UY'),
('PLxDK1ljLuw8TkAMevx_hg9XEPqw_AXvSo', 'T0eSpAgqrWo'),
('PLY4gRtK2vPT35_MoDQPun1jxuZ35t49es', '0GUE3E9w-Vg'),
('PLY4gRtK2vPT35_MoDQPun1jxuZ35t49es', '2iSQGWpy0qY'),
('PLY4gRtK2vPT35_MoDQPun1jxuZ35t49es', '7jCrEZXOB2s'),
('PLY4gRtK2vPT35_MoDQPun1jxuZ35t49es', 'CXXUribh-NA');
INSERT INTO `playlists_videos_map` (`playlist_id`, `video_id`) VALUES
('PLY4gRtK2vPT35_MoDQPun1jxuZ35t49es', 'e2J-0EtsCpo'),
('PLY4gRtK2vPT35_MoDQPun1jxuZ35t49es', 'eyn9kmuIwqA'),
('PLY4gRtK2vPT35_MoDQPun1jxuZ35t49es', 'H2hkZbVsrPY'),
('PLY4gRtK2vPT35_MoDQPun1jxuZ35t49es', 'mwaGzIPpbBI'),
('PLY4gRtK2vPT35_MoDQPun1jxuZ35t49es', 'NLLvocsmnNU'),
('PLY4gRtK2vPT35_MoDQPun1jxuZ35t49es', 'Rc5zUX78-CA'),
('PLY4gRtK2vPT35_MoDQPun1jxuZ35t49es', 'TnUUgy0zPkM'),
('PLY4gRtK2vPT35_MoDQPun1jxuZ35t49es', 'W6ehBjmnVsg'),
('PLY4gRtK2vPT35_MoDQPun1jxuZ35t49es', 'Wmr0_Dc5zo4'),
('PLY4gRtK2vPT35_MoDQPun1jxuZ35t49es', 'x9N_SG1gnRw'),
('PLY4gRtK2vPT35_MoDQPun1jxuZ35t49es', 'xjoA4nYBD5U');

-- --------------------------------------------------------

--
-- Table structure for table `videos`
--

CREATE TABLE IF NOT EXISTS `videos` (
  `video_id` varchar(11) NOT NULL,
  `title` text NOT NULL
) ENGINE=InnoDB DEFAULT CHARSET=latin1;

--
-- Dumping data for table `videos`
--

INSERT INTO `videos` (`video_id`, `title`) VALUES
('-01jhW_Yzhs', 'Kenny Chesney - No Shoes, No Shirt, No Problems'),
('-3hyrkzFRss', 'The Killers - A Dustland Fairytale'),
('-5Yx2TnN9mc', 'Alphaville - Forever Young (Special Dance Version)'),
('-aNjYlgwBN0', 'Alan Jackson - I Don''t Even Know Your Name'),
('-AtaZ_NU_tU', 'Brad Paisley Then'),
('-aWtrEFfS4E', 'Alesso - Cool ft. Roy English'),
('-BWit9kFJUQ', 'Paula Fernandes - Sensaes'),
('-CmadmM5cOk', 'Taylor Swift - Style'),
('-DOBpVn4JlU', 'Amado Batista - Meu Ex-amor (Com Letra)'),
('-Fulz4ytZ54', 'Toby Keith - I Love This Bar'),
('-hVqG44A6No', 'Tyler Farr - A Guy Walks Into a Bar'),
('-jEDdFm3Nx0', 'Luke Bryan - I Don''t Want This Night To End'),
('-nbq6Ur103Q', 'Mans Zelmerlow - Heroes (Official Video)'),
('-NPqM3vPDg8', 'Little Big Town - Day Drinking'),
('-OVHnWyDmdw', 'Johnny Cash - Solitary Man'),
('-qfAEfBSwJI', 'Seth Avett sings..."In The Curve"'),
('-R9GrGheMRw', 'Rodney Atkins - Take A Back Road (Official)'),
('-rKpmzRdWrs', 'The Head and the Heart - Let''s Be Still'),
('-RP19fnff_c', 'The Chipettes - Single Ladies [Put A Ring On It]'),
('-s7TCuCpB5c', 'Tinashe - 2 On (Explicit) ft. SchoolBoy Q'),
('-vn6QdqxK3g', 'Tim McGraw - Don''t Take The Girl (Official Music Video)'),
('-wR8FL_2gwI', 'Dumbo - Pink elephants on parade'),
('-X79Jko9bBI', 'You Needed Me -  Anne Murray ( with lyrics )'),
('-XIeMp4zQC4', 'SODA STEREO - De musica ligera en vivo'),
('-z9EIoBUROQ', 'The Avett Brothers - Denouncing November Blue'),
('-zzP29emgpg', 'Drake - Take Care ft. Rihanna'),
('00WCEbKM_SE', 'Walrus and the Carpenter'),
('00WwUTrlvmI', 'If I Didn''t Have You - Monsters, Inc.'),
('01ZbUKvSAA4', 'The Beast Dies / Transformation / Finale - Beauty and the Beast OST'),
('04WRI-0odjk', 'Blake Shelton - Doin'' What She Likes [Official Video]'),
('08NlhjpVFsU', 'The Bear Necessities (from The Jungle Book)'),
('09R8_2nJtjg', 'Maroon 5 - Sugar'),
('0bGjlvukgHU', 'The Lion King - I Just Can''t Wait To Be King (1080p)'),
('0d_iTCPeOuw', 'Avett Brothers- 40 East'),
('0EYc7tL5Jdk', 'El Canto Del Loco - Tal Como Eres (Letra)'),
('0fsKP-EtByA', 'Disney''s "The Ugly Bug Ball" with Sing Along Lyrics'),
('0G3_kG5FFfQ', 'Avril Lavigne - When You''re Gone (Official Video)'),
('0ggKe409_F4', 'Jake Owen - Days of Gold'),
('0go2nfVXFgA', 'The Vamps - Somebody To You ft. Demi Lovato'),
('0GUE3E9w-Vg', 'Winter Song- The Head and the Heart'),
('0HDdjwpPM3Y', 'Jessie J, Ariana Grande, Nicki Minaj - Bang Bang ft. Ariana Grande, Nicki Minaj'),
('0IkbrP5vkjY', 'The Avett Brothers-Pretty Girl From Annapolis'),
('0KSOMA3QBU0', 'Katy Perry - Dark Horse (Official) ft. Juicy J'),
('0KyGZG3ZyJg', 'Ill With Want - The Avett Brothers (Lyrics)'),
('0mYBSayCsH0', 'Smash Mouth - I''m A Believer'),
('0NKUpo_xKyQ', 'Ellie Goulding - Lights'),
('0O4CLgXvbjU', 'Juan Gabriel - As Fue'),
('0oyxywZJsIs', 'Pinocchio OST - 01 - When You Wish Upon A Star'),
('0pLCDnbBEk0', 'God Help the Outcasts (HD)'),
('0put0_a--Ng', 'ADELE - ''Make You Feel My Love'''),
('0RxBHRZpIdg', 'Stray Cats - Rock This Town'),
('0SO_fDZjG_Q', 'The Little Mermaid Intro'),
('0xXD9-1mLBY', 'Blake Shelton - Who Are You When I''m Not Looking (Official Video)'),
('12SN_8z_n9k', 'Aladdin OST   05   One Jump Ahead Reprise'),
('14wLObGGQC4', 'El canto del loco - Loco'),
('17VudJ6lr4k', 'Rascal Flatts - Here Comes Goodbye'),
('18Gyci5tw74', 'Of Monsters And Men - Six Weeks (Official Lyric Video)'),
('1APv9t_LyOY', 'Do You Want To Build A Snowman (from "Frozen") - Disney''s Circle of Stars'),
('1CIcWrCAl_c', 'The Avett Brothers - Living of Love'),
('1DVUwWZfzMw', 'A Goofy Movie - Eye to eye'),
('1F2zl4LqSlg', 'The Avett Brothers - The Weight of Lies'),
('1FhRhzAWzLA', 'Sam Hunt - House Party'),
('1FLX63Ue5wk', 'Elton John -  I Want Love'),
('1G371JiLJ7A', 'Up   Married Life   Carl  Ellie'),
('1G4isv_Fylg', 'Coldplay - Paradise'),
('1jhmhSai58g', 'Tin Man - I and Love and You, 10/13'),
('1jm5gfuT9Z4', 'Lonestar - I''m Already There (Message From Home)'),
('1k8craCGpgs', 'Journey - Don''t Stop Believin'' (Audio)'),
('1ldaFaym2s0', 'Aladdin OST - Happy End In Agrabah'),
('1mzpuUzLKx4', 'Blake Shelton - Footloose (Official Video)'),
('1nWNXO3CZkU', 'Lady And The Tramp - Bella Notte famous spaghetti scene'),
('1N_HGEeyyrk', 'Pete''s Dragon - It''s Not Easy'),
('1q3LEadIk3w', 'Gary Allan - Every Storm (Runs Out Of Rain)'),
('1QeLVDMv6i4', 'Brother Bear - No Way Out'),
('1RnPB76mjxI', 'Usher - OMG ft. will.i.am'),
('1TmkKo9Tb5A', 'Aladdin TV show Intro'),
('1Uw6ZkbsAH8', 'Coldplay - Princess Of China ft. Rihanna'),
('1WEpLzsdEeY', 'Luke Bryan - Crash My Party'),
('1XB2peAKwOA', 'Justin Moore - Bait A Hook'),
('1y6smkh6c-0', 'Swedish House Mafia - Don''t You Worry Child ft. John Martin'),
('1zfzka5VwRc', 'Demi Lovato - Give Your Heart a Break (Official Video)'),
('213aAkQs9iQ', 'Kenny Chesney - The Big Revival (Audio)'),
('21LGv8Cf0us', 'Louis Armstrong - What A Wonderful World'),
('21MZLhDkNTg', 'The Head and the Heart - "Ever Since" (Chasing A Ghost) [Itunes Session]'),
('22zB6Soc2Gk', 'Sara Evans - A Little Bit Stronger'),
('25QyCxVkXwQ', 'The Lion King - Can You Feel The Love Tonight'),
('26PAgklYYvo', 'James Morrison - Broken Strings ft. Nelly Furtado'),
('2Abk1jAONjw', 'Lady Gaga - Just Dance ft. Colby O''Donis'),
('2AJ4i4S_fP8', 'Tim McGraw - It''s Your Love (Official Music Video)'),
('2AZLUohDCGo', 'Jason Aldean - She''s Country'),
('2CkLnSG8i0U', 'Learn me Right-Brave'),
('2en4ofkt1eo', 'Keith Urban - You''ll Think Of Me'),
('2EwViQxSJJQ', 'Beyonc - Irreplaceable'),
('2GFLN8XDuyY', 'The Avett Brothers - Left On Laura, Left On Lisa'),
('2ggzxInyzVE', 'The Wanted - Glad You Came'),
('2iSQGWpy0qY', 'The Head and the Heart - Down in the Valley [OFFICIAL VIDEO]'),
('2K1Gd9oYWeY', 'Scott Avett Sings, The New Love Song'),
('2L6XJOjCaAE', 'The Avett Brothers - Shame'),
('2n3OAc5TgrY', 'The Head and the Heart - Rivers and Roads with LYRICS!!!'),
('2P54nYzZ5ss', 'Elton John - Don''t Go Breaking My Heart'),
('2PEG82Udb90', 'Austin Mahone - What About Love'),
('2r6N2JQQwg0', 'Kelsea Ballerini - Love Me Like You Mean It'),
('2Ru1M6dY0cY', 'The Dance with lyrics by Garth Brooks'),
('2U2_VqxTjO0', 'Shakira en Paris - Viajes Corona Music (Captulo 2)'),
('2uzK3VwzraM', 'Rodney Atkins - Watching You (Official)'),
('2vjPBrBU-TM', 'Sia - Chandelier (Official Video)'),
('2VTxYQL2SbA', 'Fall Out Boy - Uma Thurman'),
('2zNSgSzhBfM', 'MACKLEMORE & RYAN LEWIS - CAN''T HOLD US FEAT. RAY DALTON (OFFICIAL MUSIC VIDEO)'),
('31KOGb1MU4g', 'Keith Urban - Raise ''Em Up ft. Eric Church'),
('36mCEZzzQ3o', 'One Direction - One Way Or Another (Teenage Kicks)'),
('3BwzP1laWkQ', 'The Killers - Just Another Girl'),
('3cQNkIrg-Tk', 'Hank Williams, Jr. - "Country Boys Can Survive" (Official Music Video)'),
('3Dl8ArCT3B0', 'The Traveling Song- Avett Brothers.wmv'),
('3dxJDcHkWRo', 'The Head and The Heart- Cats and Dogs [LYRICS]'),
('3eIntnHarCg', 'Luke Bryan - We Rode In Trucks'),
('3gkeoGIasBo', 'Jodi Benson - Part of Your World'),
('3gOHvDP_vCs', 'Justin Timberlake - SexyBack (Director''s Cut) ft. Timbaland'),
('3jemvnK7upQ', 'The Avett Brothers - Backwards With Time [Lyrics]'),
('3JWTaaS7LdU', 'Whitney Houston - I Will Always Love You'),
('3K8w6cTbMpg', 'The Avett Brothers - Gimmeakiss'),
('3KDfVB1g9BQ', 'Trevor Rabin-Treasure'),
('3KL9mRus19o', 'Blackstreet - No Diggity ft. Dr. Dre, Queen Pen'),
('3O1_3zBUKM8', 'Naughty Boy - La La La ft. Sam Smith'),
('3OnnDqH6Wj8', 'Flo Rida - Good Feeling [Official Video]'),
('3oXyuJvE20g', 'The Head & The Heart - These Days Are Numbered'),
('3PC4OJTIc9M', 'Elton John  - Pinball Wizard'),
('3qoSK2ffwfM', 'Aladdin-Arabian Nights HD (1080p)'),
('3R5izofehjo', 'Little Big Town - Quit Breaking Up With Me (Live From iHeart Radio Theater)'),
('3rgwIp6D3ow', 'Wisin & Yandel - Algo Me Gusta De Ti ft. Chris Brown, T-Pain'),
('3tthIHXUsPs', 'Zac Brown Band - As She''s Walking Away'),
('3umaLe37-LE', 'Toby Keith - How Do You Like Me Now?!'),
('3Y2icHOgC5U', 'Miranda Lambert - Over You'),
('3YfNFR6gh2E', 'Kip Moore - Somethin'' ''Bout A Truck'),
('42uphHWxmFU', 'Florida Georgia Line - Dirt'),
('450p7goxZqg', 'John Legend - All of Me'),
('45r2t1pGGyQ', 'Snow White Lyric Video | Some Day My Prince Will Come | Sing Along'),
('47dtFZ8CFo8', 'Capital Cities - Safe And Sound (Official Video)'),
('47YClVMlthI', 'Justin Bieber - Confident ft. Chance The Rapper'),
('4ahHWROn8M0', 'johnny cash - hurt (lyrics)'),
('4akKfHCgPfQ', 'The Avett Brothers - Yardsale'),
('4AnTe663mrY', 'George Strait - The Cowboy Rides Away'),
('4aQDOUbErNg', 'Olly Murs - Troublemaker ft. Flo Rida'),
('4Ba_qTPA4Ds', 'MKTO - Classic'),
('4f0p5KqdU9U', 'Kenny Chesney - Don''t Blink'),
('4fndeDfaWCg', 'Backstreet Boys - I Want It That Way'),
('4fqPcnuVPR8', 'Rascal Flatts - I Won''t Let Go'),
('4Fs0S9GUsp8', 'The Avett Brothers - Pretty Girl At The Airport'),
('4GuqB1BQVr4', 'Justin Bieber - Boyfriend'),
('4GvD_NQrLFo', 'Johnny Cash and June Carter -  "Jackson"'),
('4ivUOnnstpg', 'Harper Valley P.T.A. movie clip / singer  Jeannie C. Riley'),
('4JipHEz53sU', 'Nicki Minaj - Super Bass'),
('4jUICUbKZoI', 'don''t close your eyes - Keith Whitley (with lyrics)'),
('4kHl4FoK1Ys', 'Modern Talking - You''re My Heart, You''re My Soul'),
('4m1EFMoRFvY', 'Beyonc - Single Ladies (Put a Ring on It)'),
('4m48GqaOz90', 'The Black Eyed Peas - Boom Boom Pow'),
('4NhKWZpkw1Q', 'Sia - Big Girls Cry (Official Video)'),
('4NZhNr4v--Y', 'late late mi corazon danna paola con letra'),
('4Si7mESo_vg', 'Avett Brothers- At the Beach (Wine In The Woods)'),
('4tZaIDo_ULk', 'Jason Aldean - The Truth'),
('4umc87T5UMs', 'Cheryl Cole - Fight For This Love'),
('4UNsreuPgcE', 'The Avett Brothers - Signs'),
('4vdeOkuR40o', 'Elton John - Sad Songs Say So Much'),
('4VKy69sE4VY', 'Luke Bryan - Rain Is A Good Thing'),
('4w6TRCwSC64', 'The Head and the Heart - Honey Come Home'),
('4xpr1fLqEj4', 'Dierks Bentley - Say You Do'),
('50-_oTkmF5I', 'Becky G - Shower'),
('5082NM1H-io', 'SoMo - Ride'),
('50GQjUZ4P3M', 'RITA ORA - I Will Never Let You Down'),
('51KD_tft5gc', 'Pocahontas - Just Around The Riverbend (HQ)'),
('53gH1xyMGvQ', 'The Head and the Heart- Down in The Valley Lyrics'),
('55GAUgjpDQA', 'Justin Moore - If Heaven Wasn''t So Far Away'),
('5alVt2vw7gw', 'Patito Feo - Video Clip "Las Divinas" [Completo]'),
('5Bsdu57SFZc', 'Anastasia - Once Upon A December English (Lyrics) (BluRay HD)'),
('5c1WCd8Qefc', 'Ballad of Love and Hate - The Avett Brothers Live'),
('5ciJ2vKgpAE', 'The Avett Brothers - Shame'),
('5dbEhBKGOtY', 'David Guetta - Play Hard ft. Ne-Yo, Akon (Official Video)'),
('5Djg4YRNjbE', 'Marty Robbins - Big Iron - Country Music Experience'),
('5eAQa4MOGkE', 'Billy Joel - It''s Still Rock and Roll to Me'),
('5Ee86DRxtHU', 'Hercules - I Won''t Say I''m In Love (HD)'),
('5EXGJKxi_PU', 'Rascal Flatts - Why'),
('5fcTCMWx2-s', 'Shawn Mendes - Life Of The Party (Lyric Video)'),
('5hg1Tz3OT-8', 'Barack Obama Singing Drink to That by Rihanna [OFFICIAL]'),
('5jlI4uzZGjU', 'Pitbull - Feel This Moment ft. Christina Aguilera'),
('5KlN9ujUw0s', 'Mana - Labios Compartidos (Video Oficial)'),
('5nanKk1JSjw', 'Elton John - Nikita'),
('5NPBIwQyPWE', 'Avril Lavigne - Complicated (Official Video)'),
('5Oni8_k5twU', 'Belle (Reprise) - Beauty and the Beast'),
('5qfv0OMgNpY', 'King of Pride Rock, Hans Zimmer (The lion King)'),
('5RJb0Lw9USg', 'Deleted video'),
('5tXh_MfrMe0', 'Rascal Flatts - Life Is a Highway (From "Cars"/Official Video)'),
('5VdZewCFyfg', 'Aladdin - One Jump Ahead [HD]'),
('5VO6bI-xrj8', 'Waylon Jennings - I''ve Always Been Crazy'),
('5VsSR2gf400', 'Girls'' Generation _Gee_MUSIC VIDEO'),
('5yDqmd5LSBY', 'Hochzeit Biljana & Chriatian - Videospot - LIB production'),
('5zwq9RCeISY', 'Alan Jackson - Small Town Southern Man'),
('64tiy6A6_TQ', 'January Wedding - I and Love and You, 2/13'),
('67V0IQJgEzM', 'Pocahontas Original Finale - "If I Never Knew You" Extended Ending Farewell Reprise'),
('6BBksAK0f0g', 'Silhouettes - Of Monsters and Men (Lyrics)'),
('6BTjG-dhf5s', 'Daddy Yankee - Limbo'),
('6C0QS3IDyP8', 'Traveling Soldier'),
('6CeTkOM9cEs', 'Tiffany Alvord Sings It''s A Small World | Disney Side'),
('6g5xsccIVHs', 'The Avett Brothers - Salina'),
('6g6g2mvItp4', 'Maroon 5 - Misery'),
('6gRiWWcBKvs', 'The Carpenters - Top Of The World'),
('6hcnyLlUbkY', 'Love Is An Open Door - Kristen Bell and Santino Fontana Lyric Video'),
('6JCLY0Rlx6Q', 'WALK THE MOON - Shut Up and Dance'),
('6jXrmAKBBTU', 'Vince Gill - Go Rest High On That Mountain'),
('6KOMzlJbpzE', 'Elton John  - The One'),
('6Lm3Guw_UN0', 'Sting - My Funny Friend And Me'),
('6m63fCUJjj4', 'I Hope You Find It - Miley Cyrus - The Last Song FULL W/Lyrics'),
('6nr8hPnZfMU', 'Beyonc - Upgrade U ft. Jay-Z'),
('6R3iihXg9t4', 'The Avett Brothers Sing, Sanguine'),
('6seKIOHbs4E', 'The Lion King 2 - Not One Of Us (HD)'),
('6Tzras9XRMk', 'The New Adventures of Winnie the Pooh (Intro HD)'),
('6VQJHSnGIXk', 'Easton Corbin - Baby Be My Love Song'),
('6vzsXJ0D2bM', 'Cruisin'' for a Bruisin'' (from "Teen Beach Movie")'),
('6wZM0BZ9vDA', 'Randy Newmen Strange Things Toy Story 720p'),
('6XNl8w2pK3k', 'Nickelback - This Afternoon'),
('6XyRdJr4LSc', 'Willie Nelson - City Of New Orleans'),
('6ZxWQhiTTyw', '[HoND] 32 The Bells of Notre Dame Reprise 1080 p [HD]'),
('7-7knsP2n5w', 'Shakira - La La La (Brazil 2014) ft. Carlinhos Brown'),
('77Wsfi3fB70', 'Jason Aldean - 1994'),
('79fzeNUqQbQ', 'Madonna - Like A Prayer'),
('7EwoxVZTuMM', 'The Avett Brothers Perform "Morning Song"'),
('7fV6fmBerRg', 'I Loved Her First Lyrics'),
('7HKoqNJtMTQ', 'ADELE - Skyfall'),
('7HX4SfnVlP4', 'Luke Bryan - Country Girl (Shake It For Me)'),
('7iC1gWwqp-Q', 'Kevin Skinner - How his career started (HD)'),
('7jCrEZXOB2s', 'THE HEAD AND THE HEART - Coeur D''Alene'),
('7JJfJgyHYwU', 'Rixton - Me and My Broken Heart'),
('7NJqUN9TClM', 'The Band Perry - If I Die Young'),
('7PCkvCPvDXk', 'Meghan Trainor - All About That Bass'),
('7PvT05P3Gjo', 'The Nightmare Before Christmas - Oogie Boogie''s Song HQ'),
('7qH4qyi1-Ys', 'Rascal Flatts - What Hurts The Most'),
('7qzhngp7jh8', 'Brad Paisley - Remind Me  ft. Carrie Underwood'),
('7R9eHA6YiP8', '[1080p HD] Aladdin - Friend Like Me'),
('7RMQksXpQSk', 'Katy Perry - This Is How We Do (Official)'),
('7spBU4Yv8fE', 'Rob Thomas - Lonely No More (Video)'),
('7SxTyvOixJA', 'The Killers - Here With Me'),
('7UCGzawJ1yg', 'Blake Shelton - Drink On It (Official Audio)'),
('7Wl4C7tWLHs', 'The Avett Brothers - Talk On Indolence'),
('7yg05svXp98', 'Miranda Lambert - Mama''s Broken Heart'),
('7yTKBwoVKqE', 'Blake Shelton - Neon Light (Official Video)'),
('7Zh-0dRS-4U', 'Disney''s Tangled/Rapunzel - "When Will My Life Begin?" (Reprise 2) - Music Scene (1080p HD)'),
('7zp1TbLFPp8', 'Don Omar - Danza Kuduro ft. Lucenzo'),
('7_weSk0BonM', 'Leona Lewis - Bleeding Love'),
('8-vZlrBYLSU', 'Rascal Flatts - Bless The Broken Road'),
('82ceZYlyifU', 'Toy Story 2 - When She Loved Me (HD)'),
('82dDnv9zeLs', 'Gretchen Wilson - Redneck Woman'),
('89JdR-SQjB0', 'The Head and the Heart - Shake (not the video)'),
('8bOlBAdPcrI', 'I''m Number One - Muppets Most Wanted [1080p]'),
('8BxqLLqv49A', 'Ania Dbrowska - Charlie, Charlie'),
('8D5XTXSbrms', 'Brad Paisley - River Bank'),
('8EOrRiDYKsw', 'The Avett Brothers - Nothing Short of Thankful (live)'),
('8G2ZUWxCkrI', 'Barack Obama Singing What Makes You Beautiful by One Direction'),
('8hOsoHPoMRI', 'Anastasia - In The Dark Of The Night English (Lyrics) (BluRay HD)'),
('8IMn4c4MwM0', 'Brantley Gilbert - One Hell Of An Amen'),
('8JD1uIxCHGI', 'Elton John - Candle In The Wind'),
('8mGBaXPlri8', 't.A.T.u. - All The Things She Said'),
('8N2k-gv6xNE', 'Shania Twain - Any Man Of Mine'),
('8o8nZ_dZOC0', 'Brother Bear - On My Way'),
('8peBUdlUNmM', 'Brantley Gilbert - Country Must Be Country Wide'),
('8PNjUPo7J9c', 'Dustin Lynch - Hell of a Night - Country Fair 2014'),
('8PvebsWcpto', 'Florida Georgia Line - Cruise'),
('8QXhJkKpbxg', 'After Today (A Goofy Movie)(1080p HD)'),
('8SbUC-UaAxE', 'Guns N'' Roses - November Rain'),
('8tKHlukQTik', 'TaleSpin Intro (English)'),
('8tpctFgADu4', 'Blake Shelton - Over (Official Music Video)'),
('8UVNT4wvIGY', 'Gotye - Somebody That I Used To Know (feat. Kimbra) - official video'),
('8vANScWZ0Yg', 'Aladdin-Prince Ali (Reprise) HD (1080p)'),
('8vS4i7LomZI', ' Robert Pattinson  - Let me Sign'),
('8v_4O44sfjM', 'Christina Perri - Jar of Hearts [Official Music Video]'),
('8w9lkXmGHXA', 'Lady and the Tramp: The Siamese Cat Song'),
('8wxOVn99FTE', 'Miley Cyrus - When I Look At You'),
('8xg3vE8Ie_E', 'Taylor Swift - Love Story'),
('8zO6Wnmp1DU', 'Chris Young - Aw Naw'),
('924Ryk0jW7g', 'Josh Turner - Lay Low'),
('98WtmW-lfeE', 'Katy Perry - Teenage Dream'),
('9a7bj6ygR74', ''' Elton John - Don''t Let The Sun Go Down On Me With George Michael)'),
('9AjkUyX0rVw', 'U.S.A. For Africa - We Are the World'),
('9b8erWuBA44', 'Mariah Carey - Touch My Body'),
('9bZkp7q19f0', 'PSY - GANGNAM STYLE () M/V'),
('9C_qzTfMOIo', 'The Head and the Heart - Another Story'),
('9fL5iWgWwno', 'David Guetta - What I Did For Love (Lyric Video) ft Emeli Sand'),
('9I5UV4VWCSk', 'Tim Mcgraw - My Little Girl'),
('9I9Ar6upx34', 'will.i.am - This Is Love ft. Eva Simons'),
('9IRNLeBoozo', 'Easton Corbin - All Over The Road'),
('9jJf-p6RYvo', 'George Strait - Troubadour'),
('9MoCfC68WV8', 'The Avett Brothers - Pretty Girl At The Airport'),
('9n5G0qFBsHM', 'Zac Brown Band - "Knee Deep" Feat. Jimmy Buffett'),
('9Nb-HmYIWXs', 'Elton John -  Kiss The Bride'),
('9oe9vQzSKk4', 'Deleted video'),
('9RWm-IXjYz0', 'Justin Moore - Lettin'' The Night Roll'),
('9Sc-ir2UwGU', 'Kygo - Firestone ft. Conrad Sewell'),
('9Sz5YIUmeS8', 'Elton John  - Saturdays Night''s Alright For Fighting'),
('9X_s4ftgfH8', 'Jason Aldean - Night Train (Audio Only)'),
('9ycBvqm9LFQ', 'Jeremih Feat. YG - Don''t Tell ''Em - New 2014 - [With Lyrics] - [HD]'),
('9Zmp7aL79xM', 'Ost Hercule 02 - Shooting star'),
('A-Lo33Ep99I', 'George Strait - I cross my heart'),
('a-Lp2uC_1lg', 'Shania Twain - From This Moment On'),
('A0BlPto-u_g', 'The Avett Brothers- That''s How I Got to Memphis'),
('A1nyEKZWAUI', 'The Little Mermaid OST - 20 - Happy Ending'),
('A3yCcXgbKrE', 'Louis Armstrong - What A Wonderful World (Lyrics)'),
('A6PEboTpcfI', 'Barack Obama Singing Get Lucky by Daft Punk (ft. Pharrell)'),
('A76a_LNIYwE', 'Of Monsters and Men - King And Lionheart (Official Video)'),
('A7BieNklO30', 'Colorshow- The Avett Brothers'),
('a7FdUd6ysL0', 'Ro Roma - Al Fin Te Encontr'),
('a7SouU3ECpU', 'Alesso - Heroes (we could be) ft. Tove Lo'),
('a89hagSQtRg', 'Jason Aldean - When She Says Baby (Lyric Video)'),
('A8Mq-Z_mkI4', 'The Avett Brothers "Four Thieves Gone", Brittfest, Jacksonville, OR'),
('a99St-ImSKY', 'Avett Brothers - Kind of in Love'),
('Aa6By5IjJcU', 'Ten Thousand Words - I and Love and You, 6/13'),
('Aa9Y0Hlrlbs', 'Dierks Bentley - 5-1-5-0'),
('ABhDiXbUaBE', 'Charli XCX - Break The Rules [Official Video]'),
('aBlKPLeLU_s', 'Of Monsters And Men - Yellow Light (Official Lyric Video)'),
('aBn7bjy9c4U', 'DJ Snake & AlunaGeorge - You Know You Like It'),
('AbPED9bisSc', 'One Direction - Live While We''re Young'),
('abQRt6p8T7g', 'The Avett Brothers: NPR Music Tiny Desk Concert'),
('AByfaYcOm4A', 'Demi Lovato - Heart Attack'),
('acvIVA9-FMQ', 'Jason Mraz & Colbie Caillat - Lucky (Video)'),
('ADC_6XFvIxk', 'Jawga Boyz - Ridin High - feat. Young Gunner & Bottleneck (OFFICIAL MUSIC VIDEO)'),
('AdJtw7vS1E8', 'Pretty Ricky - Grind With Me (music video)'),
('aFt9Smr8cKE', 'Laundry Room - I and Love and You, 8/13'),
('aGCdLKXNF3w', 'Tears For Fears - Everybody Wants To Rule The World'),
('AgFeZr5ptV8', 'Taylor Swift - 22'),
('aGHLcobLUqA', 'Lady and the Tramp: He''s a Tramp'),
('agrXgrAgQ0U', 'Fergie - Big Girls Don''t Cry (Personal)'),
('aGSKrC7dGcY', 'Depeche Mode - Enjoy The Silence'),
('Ahha3Cqe_fk', 'Katy Perry - The One That Got Away'),
('AHz9qFCZOvs', 'Lucy Hale - You Sound Good to Me (Official Video)'),
('AI0MVQ2eEl4', 'Ron / hermione - You''re the One That I Want - Olivia Newton-John and John Travolta'),
('AijEQN6AuRs', 'Barack Obama Singing Born This Way by Lady Gaga'),
('aIq1LvzSLsk', 'Toby Keith - Should''ve Been A Cowboy'),
('aJAe5miXN_Y', 'Keith Urban - Cop Car'),
('AjeXcbx9u3U', 'Tarzan - You''ll be in My Heart & Two World MV (HD)'),
('AJtDXIazrMo', 'Ellie Goulding - Love Me Like You Do (Official Video)'),
('aJxrX42WcjQ', 'Josh Groban - You Raise Me Up (Official Music Video)'),
('Al8UHnjusq0', 'Tiny Dancer - Elton John (LYRICS ON SCREEN)'),
('ALV-QtDFpSw', 'Luke Bryan - Play It Again'),
('aMWa2DLEcIw', 'Anitta - Ritmo Perfeito (Clipe Oficial)'),
('AOPMlIIg_38', 'The Fault In Our Stars - Charli XCX - Boom Clap'),
('aplWTXEcY70', 'Alexandra Burke - Hallelujah'),
('ApO2NpmiOWM', 'Elton John   Rocket Man I Think It''s Going To Be A Long, Long T'),
('AqajUg85Ax4', 'Avril Lavigne - Let Me Go ft. Chad Kroeger'),
('aRh-vBOS-dU', 'Jake Owen - Barefoot Blue Jean Night'),
('Ashha-whm6U', 'The Nightmare Before Christmas Soundtrack #20 End Title'),
('ASO_zypdnsQ', 'PSY - GENTLEMAN M/V'),
('asxrMSVrJ08', 'Blake Shelton - Ol'' Red (Official Video)'),
('aSZVYZTze74', 'Jessie J - Nobody''s Perfect'),
('AtKZKl7Bgu0', 'Calvin Harris - I Need Your Love ft. Ellie Goulding'),
('auzfTPp4moA', 'Yeah Yeah Yeahs - Heads Will Roll'),
('AWpsOqh8q0M', 'Beyonc - If I Were A Boy'),
('AxVKTwAkv1k', 'Luke Bryan - Roller Coaster'),
('axZ6mG__ZqU', 'The Little Mermaid kiss the girl HD.wmv'),
('aYWqMwxTVXQ', 'Dread mar i   tu sin mi'),
('a_9PZUMm3Gk', 'The Head and the Heart - Down in the Valley (Live at the Mural)'),
('a_XgQhMPeEQ', 'Billy Joel - The Longest Time'),
('B3Z0PM_b0WI', 'The Head and the Heart - When I Fall Asleep (ITunes Session) (not the video)'),
('B4Hk6qDgQjA', 'Gary Allan - Best I Ever Had'),
('b87dBaL4qI0', 'Ariana Grande - Almost Is Never Enough ft. Nathan Sykes'),
('b8I-7Wk_Vbc', 'Enrique Iglesias - Bailando (English Version) ft. Sean Paul, Descemer Bueno, Gente De Zona'),
('b8tFaU571xg', 'Barack Obama Singing Fancy by Iggy Azalea'),
('B9JjlwtFImU', 'The Avett Brothers "Clay Pigeons" Blaze Foley Cover // SiriusXM // The Spectrum'),
('B9rSBcoX9ak', 'Ciara - Body Party'),
('Ba7IDOMHo9g', 'James and the Giant Peach -  Family'),
('Bag1gUxuU0g', 'Lana Del Rey - Born To Die'),
('bb1DTsxBOfE', 'Blake Shelton - Austin (Official Video)'),
('bbEoRnaOIbs', 'Mike WiLL Made-It - 23 (Explicit) ft. Miley Cyrus, Wiz Khalifa, Juicy J'),
('bbtFu1nWN6s', 'Muppet Christmas Carol OST,T16 Thankful Heart'),
('bCfSRJENSnc', 'Alicia Keys - Girl On Fire (Inferno Version) ft. Nicki Minaj'),
('bC_YJZAulEQ', 'Slight Figure of Speech - The Avett Brothers'),
('bdOXnTbyk0g', 'Prince Royce - Darte un Beso'),
('beiPP_MGz6I', 'Of Monsters And Men - Love Love Love (Official Lyric Video)'),
('bESGLojNYSo', 'Lady Gaga - Poker Face'),
('BEVn9BOWPJg', 'The Judds -- Grandpa ( Tell Me ''Bout The Good Old Days )'),
('bf7TA4ahshY', 'Cole Swindell - Let Me See Ya Girl (Official Audio)'),
('bFClhxM7LY4', 'Tim McGraw - Southern Girl'),
('BfoJnDg22NA', 'Rascal Flatts - Riot'),
('BhKKwqvhdik', 'Dumbo OST - 03 - Loading the Train/Casey Junior/Stork On a Cloud/Straight From Heaven'),
('BhQbhDjtreI', 'Eric Paslay - Friday Night'),
('BIDTbuLOgUc', 'Elton John - Lucy In The Sky With Diamonds'),
('BJdYUxyxYiU', 'Elton John - Levon'),
('bjgFH01k0gU', 'Jennifer Lopez - Dance Again ft. Pitbull'),
('bKDdT_nyP54', 'Akon - Smack That ft. Eminem'),
('BkpuLMsDn48', 'Shotgun Rider (Official Video) from American Express Unstaged, Hammerstein Ballroom at ...'),
('BKvE-WoooLE', 'Eric Church - Cold One'),
('bkx9kCdaaMg', 'One Direction - Midnight Memories'),
('bKxodgpyGec', 'Cee Lo Green - Forget You'),
('BKZqGJONH68', 'Toby Keith - Red Solo Cup (Unedited Version)'),
('BlSQ6qJYWog', 'Reik - Peligro (Video Oficial)'),
('bm1UtTmfTR8', 'Fall into Me - Brantley Gilbbert'),
('BMfzPbONyVA', 'Meet The Robinsons - Little Wonders (HD) By Rob Thomas'),
('bnVUHWCynig', 'Beyonc - Halo'),
('BnxRXIO3QT4', 'Scott & Seth Avett sing, "Blue Ridge Mountain Blues"  (written in 1924 by Cliff Hess)'),
('BofL1AaiTjo', 'Jennifer Lopez - Live It Up ft. Pitbull'),
('booKP974B0k', 'Shakira - She Wolf'),
('bpFW4Yhy08k', 'Carrie Underwood - Mama''s Song'),
('BPgEgaPk62M', 'Ariana Grande - One Last Time (Official)'),
('BPiW0tkWfeg', 'David Guetta - Lovers On The Sun (Official Video) ft Sam Martin'),
('bpOR_HuHRNs', 'Flo Rida - Wild Ones ft. Sia [Official Video]'),
('bqIxCtEveG8', 'Labrinth - Beneath Your Beautiful ft. Emeli Sand'),
('bqvWgZcCY-Y', 'The Avett Brothers - January Wedding'),
('Bse3C30tlok', 'Escape To Witch Mountain - Marionette Scene'),
('btPx8oudrHM', 'The Avett Brothers Sing, Offering'),
('bTXJQ5ql5Fw', 'Pitbull, Ne-Yo - Time Of Our Lives'),
('BuD0Rg3njno', 'Elton John - Song For Guy'),
('BuMiMBjcvWU', 'Sam Hunt - Leave The Night On'),
('bUu0zsLIA9Q', 'The Head and The Heart - Lost In My Mind (Live at the Mural)'),
('Bv1Wc8JYJM0', 'The Avett Brothers Go To Alaska'),
('bV5WWLQpNok', 'Pictures In My Head'),
('bWXazVhlyxQ', 'Rage Against The Machine - Killing In The Name'),
('BwyWmqV_RJc', 'Faith Hill - There You''ll Be [Official Music Video]'),
('BXlGsiLuNXM', 'The avett brothers- I killed sallys lover'),
('bxV-OOIamyk', 'Gym Class Heroes: The Fighter ft. Ryan Tedder [OFFICIAL VIDEO]'),
('BylRObFjmaE', 'Danielle Bradbery - The Heart Of Dixie'),
('byQIPdHMpjc', 'Billy Ray Cyrus - Achy Breaky Heart'),
('bYrD_l3juoU', 'Lana Del Rey - Once Upon A Dream (Music Video)'),
('BzE1mX4Px0I', 'Selena Gomez & The Scene - Who Says'),
('bZLl9PxZMxU', 'Barack Obama Singing Popped a Molly by Trinidad James'),
('C-u5WLJ9Yk4', 'Britney Spears - ...Baby One More Time'),
('C0DXms1s2nM', 'Elton John - I Guess That''s Why They Call It The Blues'),
('C3hZL8nzw_I', 'Anas Delva - Libre, Dlivre'),
('c4BLVznuWnU', 'Ed Sheeran - Lego House [Official Video]'),
('c6J6DDcdp2U', 'If You''re Reading This Tim Mcgraw Lyrics'),
('C77DFsPKxv0', 'The Avett Brothers - Laundry Room'),
('c80TFtL9c6k', 'Brad Paisley - Find Yourself lyrics'),
('c90gRWsXNi0', '''Laundry Room'' - The Avett Brothers'),
('C9QxVP2hFQ0', 'Elton John - Sorry Seems To Be The Hardest Word'),
('CAMWdvo71ls', 'Stromae - Tous Les Mmes'),
('CBQ01X-1AlI', 'Trace Adkins - Ladies Love Country Boys'),
('CBswx7GEARc', 'Fall Out Boy - Uma Thurman (Audio)'),
('cbZe8YK0OgA', 'Bedknobs & Broomsticks - The Soldiers of the Old Home Guard'),
('CcCw1ggftuQ', 'Flo Rida - Right Round (US Version Video)'),
('CcNo07Xp8aQ', 'Robyn - Dancing On My Own'),
('cd0g-sMOA9g', 'Deleted video'),
('CduA0TULnow', 'Britney Spears - Oops!...I Did It Again (Official Video)'),
('cdV0sMoNYdk', 'Scotty McCreery - I Love You This Big (Live)'),
('CdXesX6mYUE', 'Pitbull - International Love ft. Chris Brown'),
('CeSaU2k1FLw', 'The Avett Brothers - Souls Like The Wheels'),
('CevxZvSJLk8', 'Katy Perry - Roar (Official)'),
('CfihYWRWRTQ', 'John Newman - Love Me Again'),
('cGa3zFRqDn4', 'Johnny Cash - You are my Sunshine Original'),
('CGyEd0aKWZE', 'Ellie Goulding - Burn'),
('chDqYfcYfj8', 'Elton John - Circle Of Life'),
('chppF5jqKNw', 'Tangled - Kingdom Dance [HD]'),
('CHVhwcOg6y8', 'Justin Bieber - One Time'),
('CIFDIcQfY5g', 'I Just Had Sex Lyrics By The Lonely Island Featuring Akon'),
('cjVQ36NhbMk', 'The Fray - How to Save a Life'),
('CKDwsFbq1_c', ' -  OFFICIAL MV'),
('CKT77CNGgxM', 'Paula Fernandes - Quero Sim (Ao Vivo)'),
('cL4uhaQ58Rk', 'Adam Levine - Lost Stars'),
('cLHe9WOI9XQ', 'Stand Out (A Goofy Movie)(1080p HD)'),
('CLnADKgurvc', 'winnie the pooh heffalumps and woozles song'),
('clTstasvcX4', 'Cinderella - Oh, Sing Sweet Nightingale (HQ)'),
('cMPEd8m79Hw', 'Taylor Swift - Begin Again'),
('cNSx1RdPl04', 'Pitch Perfect - Bellas Finals'),
('cO3vZlU599Q', 'The Avett Brothers - St. Joseph''s'),
('cOQDsmEqVt8', 'Little Mix - Wings'),
('CORf1liT9cE', 'Dumbo - Baby of Mine'),
('CPuvzaNb2JI', 'Stupid Boy - Keith Urban *lyrics*'),
('Cq8fZduUkoc', 'Bedknobs and Broomsticks OST - 05 - Eglantine / Don''t Let Me Down / Reprise: Eglantine'),
('CQHnBK3NBI0', 'The Head And The Heart- Cats and Dogs'),
('cQpCxmCY8aQ', 'Martina McBride I just call you mine lyrics'),
('Cqz713hhz1Y', 'Cher Lloyd - Oath ft. Becky G'),
('CR8logunPzQ', 'Yolanda Be Cool Vrs DCup - We No Speak Americano (Official Music Video)'),
('crCqWK3SmRo', 'Luke Bryan - That''s My Kind Of Night'),
('CRiItne0SEw', 'Los mejores temas de las Pelculas de Disney, Vol. 1 - Es la noche del amor (El Rey Len) con LETRA'),
('crKKhdbQA_A', 'Tammy Wynette - Stand By Your Man - Country Music Experience'),
('cRTjksM3YAs', 'Jason Segel, Walter - Man Or Muppet (from "The Muppets") - Jason Segel'),
('cSnkWzZ7ZAA', 'Flo Rida - Whistle [Official Video]'),
('Cu6ze1wmSxA', 'Michael Bolton - Go The Distance (Music Video)'),
('CuUQmkAzSZE', 'Why Should I Worry by Billy Joel (Oliver and Company)'),
('cUZ_73aReb0', 'AOA - (Japanese ver.)'),
('CvBfHwUxHIk', 'Rihanna - Umbrella (Orange Version) ft. JAY-Z'),
('Cwdb8RaiItI', 'Albert Hammond - Echame a mi la culpa'),
('Cwkej79U3ek', 'Vanessa Carlton - A Thousand Miles'),
('Cx3QmqV2pHg', 'Billy Joel - She''s Always A Woman (Audio)'),
('CXNNsbUhN-U', 'The Avett Brothers - Die Die Die'),
('CXXUribh-NA', 'The Head and the Heart - 10,000 Weight In Gold'),
('cYuZlhCPbjM', 'Barack Obama Singing the Pokmon Theme Song'),
('D-5GnZYxI4M', 'Eli Young Band - Even If It Breaks Your Heart'),
('d05tQrhNMkA', 'Brooks & Dunn - Boot Scootin'' Boogie'),
('d08kOFC51NU', 'The Avett Brothers LIVE @ Forecastle Festival 2009: Old Joe Clark'),
('d1AM5F-i1WA', 'The Shins - It''s Only Life (In The Studio)'),
('D1Xr-JFLxik', 'Taylor Swift - White Horse'),
('d4_6N-k5VS4', 'Kelly Clarkson - Heartbeat Song'),
('D6bcBjtOqTg', 'Elton John - Can You Feel The Love Tonight'),
('d7FspsAHqfQ', 'Conway Twitty - I''d Love To Lay You Down'),
('D9AFMVMl9qE', 'Ellie Goulding - Your Song'),
('dbAp5nphTz4', 'Lee Brice - Woman Like You (Official Music Video)'),
('dBN86y30Ufc', 'Willie Nelson - On The Road Again'),
('dBNH4I0W_zM', 'The Avett Brothers - Dancing Daze'),
('DCCJCILiX3o', '5 Seconds Of Summer - Amnesia'),
('dcy2KENYwV0', 'Elton John - Live Like Horses With Luciano Pavarotti'),
('DDXLmYyFu4I', 'Alan Jackson - Livin'' On Love'),
('dDXQvqDBBP8', 'Elton John -  I''m Still Standing'),
('de1aPKXBdAE', 'Kenny Chesney - American Kids'),
('DeumyOzKqgI', 'Adele - Skyfall (Lyric Video)'),
('dFlv4O7VE-A', 'Scotty McCreery - See You Tonight'),
('dgF77Wgk_f8', 'Phineas and Ferb - Season 4 Opening Theme Song'),
('DGIgXP9SvB8', 'will.i.am - #thatPOWER ft. Justin Bieber'),
('DGzyDnIocug', 'Robin Hood - Oo De Lally'),
('dhsy6epaJGs', 'PULCINO PIO - El Pollito Pio (Official video)'),
('dJFyz73MRcg', 'The Wonderful Thing About Tiggers (Sing Along Songs)'),
('djV11Xbc914', 'a-ha - Take On Me (Official Video)'),
('dK-ozcitHPY', 'Metallica - Mama Said'),
('DkQfVAGI9_Y', 'The Avett Brothers-Complainte D''Un Matelot Mourant (Lament of a Dying Sailor)'),
('DksSPZTZES0', 'Justin Timberlake - Cry Me A River (Official)'),
('DlGuSboxrCw', 'Honey, I Shrunk The Kids Soundtrack--Track 1 Main Title'),
('dls_cBmUt7Q', 'Faith Hill - "This Kiss" (Official Video)'),
('dm1qbbki6z4', 'The Wuzzles theme'),
('dODSHuvuoTM', 'Dumbo Look Out for Mr. Stork  HD'),
('dozo2putXlc', 'Freddy Fender - Before The Next Teardrop Falls'),
('dQe3DKDQRRs', 'Alan Jackson - Drive (For Daddy Gene)'),
('dQw4w9WgXcQ', 'Rick Astley - Never Gonna Give You Up'),
('DQYNM6SjD_o', 'Miranda Lambert - The House That Built Me'),
('dsUXAEzaC3Q', 'Michael Jackson - Bad'),
('dTttXM8c66M', 'kind of in love - avett brothers - winston salem'),
('dV0eMaIFlvA', 'Eric Church - Like a Wrecking Ball Lyrics'),
('dvgZkm1xWPE', 'Coldplay - Viva La Vida'),
('DvP69LI9B0Q', 'Oliver and Company - Streets of Gold (Blu-ray 1080p HD)'),
('DWrMeBR8W-c', 'Toby Keith - American Soldier'),
('DwUO9bcxmhw', 'Do You Love Him - The Avett Brothers'),
('Dww9UjJ4Dt8', 'SHINee() _ LUCIFER _ MusicVideo HD'),
('dxjrvOSRYsE', 'The Avett Brothers - I and Love and You'),
('DzYI0CInMIU', 'The Jungle Book Diamond Edition - "Thats What Friends Are For"'),
('e-fA-gBCkj0', 'Bruno Mars - Locked Out Of Heaven [OFFICIAL VIDEO]'),
('e-ORhEE9VVg', 'Taylor Swift - Blank Space'),
('E0CazRHB0so', 'Lily Allen - Hard Out Here (Official Video)'),
('E0s7nyTHAw0', 'The Head and the Heart - Homecoming Heroes'),
('e2IctxaCPqw', 'Let Me Be Good To You'),
('e2J-0EtsCpo', 'The Head and the Heart - Rivers and Roads'),
('E2nhCva2pdI', 'The Avett Brothers - Jenny And The Summer Day'),
('e32WpvYITJo', 'Elton John  - Daniel'),
('E3e-cbGEAhg', '[Tigger Movie] Your Heart Will Lead You Home - Kenny Loggins'),
('e4ujS1er1r0', 'Zac Brown Band - Chicken Fried (Full Version Video)'),
('e50sIqlKAZk', 'Elton John -  Goodbye Yellow Brick Road'),
('e5CMDmxtpbc', 'The Avett Brothers - Live And Die'),
('e79lpByTfXE', 'Brad Paisley - Crushin'' It'),
('E7xUZkKd58c', 'The Avett Brothers - The Ballad of Love and Hate'),
('e82VE8UtW8A', 'Rihanna - Rude Boy'),
('ebXbLfLACGM', 'Calvin Harris - Summer'),
('Ec8BDAtlc7E', 'The Avett Brothers - Swept Away (Sentimental Version)'),
('ECbroe-e1rY', 'I and Love and You - 1/13'),
('EchU-2S4SwA', 'Finding Nemo- Beyond the Sea'),
('ECRRRcXycjI', 'Skylar Grey - I Know You (Fifty Shades Of Grey) (Lyric Video)'),
('eDdI7GhZSQA', 'The Beatles-Hey Jude'),
('eFTLKWw542g', 'Billy Joel - We Didn''t Start the Fire (Official Video)'),
('eGLdbpmXrbQ', 'Kenny Chesney - When The Sun Goes Down'),
('eGXmf8VV5qI', 'Toby Keith - Hope On The Rocks'),
('Eh2PjkzW20w', 'Rodney Carrington  "Show Them to Me"'),
('eH3giaIzONA', 'Whitney Houston - I Wanna Dance With Somebody'),
('EhA6tbF_EOM', 'James And The Giant Peach That''s The Life For me'),
('ehcVomMexkY', 'Rihanna - Pour It Up (Explicit)'),
('eiBinM-f-Pk', 'Keith Urban - Somebody Like You'),
('eJ6wt_TbY2c', 'Black, Blue- The Avett Brothers'),
('ek4Zsw5_p0g', 'Billy Currington - Hey Girl'),
('EkHTsc9PU2A', 'Jason Mraz - I''m Yours [Official Music Video]'),
('EKnQoWWySm8', 'The Jungle Book - "I Wanna Be Like You"'),
('ekzHIouo8Q4', 'Bruno Mars - When I Was Your Man [Official Video]'),
('ElGHIvVtrS4', 'INNA feat. Yandel - In Your Eyes (Official Video) TETA'),
('elueA2rofoo', 'Britney Spears - Gimme More'),
('eM213aMKTHg', 'Lady Antebellum - Need You Now'),
('eNvUS-6PTbs', 'Modern Talking - Cheri Cheri Lady'),
('Eo-KmOd3i7s', '''N Sync - Bye Bye Bye'),
('Eo2OIUpWznY', 'Alan Jackson - Little Bitty'),
('eopNLWRW0IM', 'Patty Loveless Blame It On Your Lyin'' Cheatin'' Heart'),
('epHNCodFxL8', 'The Head and the Heart - Summertime [OFFICIAL VIDEO]'),
('ePjFAZKWKVo', 'Craig Morgan - International Harvester'),
('EPo5wWmKEaI', 'Pitbull - Give Me Everything ft. Ne-Yo, Afrojack, Nayer'),
('EQi8m9LU5HI', 'Lucy Hale - Run This Town'),
('eQWG8BVeryU', 'Chris Brown - Turn Up the Music'),
('er5FZ5GwARI', 'The Avett Brothers - I''ll Fly Away - Live at the Double Door Inn'),
('ERdtkR4wq5A', 'TURN IT ON, TURN IT UP, TURN ME LOOSE- HEIDI HAUGE - LINE DANCE'),
('Es1qGY-EWwA', 'The Avett Brothers Beside The Yellow Line'),
('ESXgJ9-H-2U', 'Kiesza - Hideaway (Official Video)'),
('eTJTudoiER4', 'Brother Bear - Great Spirits Reprise (English Blu-Ray Version) [HD]'),
('eTT1re5NI_Y', 'The Fox and the Hound (1981) - Good bye May Seem Forever'),
('ETVjll5eR88', 'Chris Young - Tomorrow'),
('etVWicYUJhI', 'Elton John   I Don''t Wanna Go On With You Like That'),
('EU-zks4FRlI', 'Jason Aldean - Tattoos on This Town'),
('EVBsypHzF3U', 'Lady Gaga - Telephone ft. Beyonc'),
('EvNqZEBOJ_0', 'The Lion King - Circle Of Life Reprise (English)'),
('EVr__5Addjw', 'David Guetta - Dangerous (Official video) ft Sam Martin'),
('Ex9AWegauJM', '(Original Cut HD) Treasure Planet - I''m Still Here (ENGLISH)'),
('exwj7rBIM98', 'Steve Grand - All-American Boy (Lyrics)'),
('EYGwxf1gCC4', 'Jamey Johnson - In Color'),
('eyn9kmuIwqA', 'The Head and the Heart - Another Story [OFFICIAL VIDEO]'),
('F0rwOsAteXM', 'Pablo Alborn - Solamente T (Videoclip Oficial)'),
('f2SHJQXaqds', 'The Head And The Heart - Josh McBride'),
('F3EG4olrFjY', 'Olly Murs - Dance With Me Tonight'),
('F3wpq-i150c', 'Indila - Tourner Dans Le Vide'),
('f4Mc-NYPHaQ', 'Queen - I Want To Break Free (Official Video)'),
('F57P9C4SAW4', 'Katy Perry - California Gurls ft. Snoop Dogg'),
('F5LkGKJDc3Q', 'Billy Joel - New York State Of Mind (Audio)'),
('f7ld-3nZUxA', 'Nicki Minaj - Pills N Potions (Official)'),
('F7v2TmV3Zuc', 'Randy Houser - How Country Feels'),
('f7Xgad5sTeo', 'Milky Chance - Stolen Dance'),
('F90Cw4l-8NY', 'Bastille - Pompeii'),
('F9nwPvjBsrk', 'Tim McGraw - Diamond Rings and Old Barstools (From iHeart Live)'),
('FaIbELk8Tzg', 'Tarzan Phil Collins-Strangers like me (HD)'),
('fBEBbgQEJy4', 'Lee Brice - I Don''t Dance (Official Music Video)'),
('fbHbRipzRgE', 'Our Town (from Cars)'),
('FbQfE2Oi6Wo', 'Billy Currington - Must Be Doin'' Somethin'' Right'),
('fBQZnHv74dQ', 'The Avett Brothers - Morning Song'),
('FCd_zan3QFQ', 'Tennessee Ernie Ford - Sixteen Tons - Country Music Experience'),
('FDUOcHg5ijg', 'Thompson Square - Are You Gonna Kiss Me Or Not'),
('fe4EK4HSPkI', 'MGMT - Kids'),
('ff0oWESdmH0', 'The Killers - When You Were Young'),
('ffej15-Dgl0', 'Uncle Kracker - Smile [Official Video]'),
('FGViL3CYRwg', 'Anitta - Show das Poderosas (Clipe Oficial)'),
('fhhLcszC-P4', 'Aladdin - Prince Ali (1080p)'),
('FHp2KgyQUFk', 'Beyonc - Best Thing I Never Had'),
('Fi13NxmjqLI', 'Charlie Daniels Band - The Devil Went Down To Georgia (ORIGINAL VERSION)'),
('Fi4SWJGXDHY', 'Taylor Swift - Haunted Lyrics'),
('fi8kYcl2Y38', 'Tangled - Mother Knows Best (HD)'),
('fIXAT6fGUw4', 'Jessica Rabbit - Why Don''t You Do Right? (HD)'),
('fjAtTsa3E64', 'Justin Bieber ft. Big Sean - As Long As You Love Me (Official Video) HD'),
('FJfFZqTlWrQ', 'P!nk - So What'),
('fLexgOxsZu0', 'Bruno Mars - The Lazy Song [OFFICIAL VIDEO]'),
('FL_VdoHxezs', 'The Avett Brothers - "SSS" - Madison, WI'),
('fMMNrth246k', 'Bea Miller - Young Blood (Official Video)'),
('fMn-6NtI814', 'Lucy Hale - Make You Believe (Lyrics) A Cinderella Story: Once Upon A Song'),
('fmO1u3ONYg8', 'Keith Urban - Tonight I Wanna Cry'),
('FMzKgB1cf24', 'The Shins - Kissing the Lipless [OFFICIAL VIDEO]'),
('fnAfFpNKT_E', 'Birdy - Without A Word [Live]'),
('FndmvPkI1Ms', 'Kendji Girac - Andalouse'),
('FnpJBkAMk44', 'Idina Menzel - Let It Go (from "Frozen") (Audio)'),
('FOcY5tsXzuM', 'The Avett Brothers - My Losing Bet'),
('fOKtbJfNLFk', 'Pistol Annies - Hell On Heels'),
('fQPS2sk1VTY', 'Sam Hunt - Break up in a Small Town with lyrics'),
('FRRpXdmHGxU', 'The Avett Brothers: A Lover Like You'),
('frzsccqN2OQ', 'DEV - Kiss My Lips ft. Fabolous'),
('fS0rwuupi8M', 'The Little Mermaid - Part of Your World Reprise [1080p HD]'),
('FTQbiNvZqaY', 'Toto - Africa'),
('fTqra4YSsaM', 'Dierks Bentley - What Was I Thinkin'''),
('Ftt5KH6TnhE', 'The Avett Brothers - Salvation Song - CARDINAL SESSIONS'),
('FubvitXV_zM', 'Of Monsters And Men - Sloom (Official Lyric Video)'),
('FufL80hJsP8', 'The Killers - Bones'),
('fV4DiAyExN0', 'Hoobastank - The Reason'),
('fV8vB1BB2qc', 'Boyz II Men - I''ll Make Love To You'),
('fWhvS8ciEpQ', 'Lee Brice - Love Like Crazy (Official Music Video)'),
('fwK7ggA3-bU', 'Maroon 5 - One More Night'),
('FWLFG-nffEY', 'Barack Obama Singing Made in the USA by Demi Lovato'),
('fWNaR-rxAic', 'Carly Rae Jepsen - Call Me Maybe'),
('fxPBu_vX9Q0', 'DJ Khaled - Hold You Down ft. Chris Brown, August Alsina, Future, Jeremih'),
('FxYw0XPEoKE', 'Whitney Houston - I Have Nothing (Official Video)'),
('FZ4zTXHqGBw', 'Mulan-Reflection HD'),
('Fzr2Nv8NTEE', 'Girls'' Generation _MR. TAXI_Music Video (JPN ver.)'),
('fZSiBj4vCiY', 'Brooks & Dunn - My Maria'),
('fZY8jUuEzJQ', 'Kaa singing the Trust in me song'),
('G04aHFrjHiQ', 'Deleted video'),
('g0lbfEb8MMk', 'Alice In Wonderland - All In The Golden Afternoon'),
('g1MghihApUM', 'La Oreja de Van Gogh - Rosas (En Vivo)'),
('G47FHWgl5O4', 'The Muppets - "Life''s A Happy Song" - From Disney''s The Muppets | HD'),
('g5qU7p7yOY8', 'Ariana Grande, The Weeknd - Love Me Harder'),
('G91KZ56mNbw', 'Blake Shelton -  "Lonely Tonight" featuring Ashley Monroe (Official Video)'),
('GBCBv1O_Xi4', 'When We''re Human - Princess and the Frog'),
('gCJ3rmiZFr8', 'Fifth Harmony - Sledgehammer'),
('gCYcHz2k5x0', 'Martin Garrix - Animals (Official Video)'),
('GC_mV1IpjWA', 'The Little Mermaid - Under the Sea'),
('gdqoEEAgRaU', 'Elton John - Honky Cat'),
('gDWepmUXk3w', 'A Thousand Horses - Smoke'),
('gdX4e2VIBjY', 'February Seven / The Avett Brothers'),
('GemKqzILV4w', 'Snow Patrol - Chasing Cars'),
('gGdGFtwCNBE', 'The Killers - Mr. Brightside'),
('GGQmKA15VCk', 'Jake Owen - What We Ain''t Got'),
('ghb6eDopW8I', 'Of Monsters And Men - Little Talks (Official Video)'),
('GHIWoxFygIg', 'John Farnham - You''re The One That I Want.mpg'),
('ghPcYqn0p4Y', 'Sia - Breathe Me'),
('GhqbESuc2v8', 'Did you happen to see the most beautiful girl n the world'),
('GibiNy4d4gc', 'The Lion King - Circle Of Life'),
('gJLIiF15wjQ', 'Spice Girls - Wannabe'),
('gjvjwiHDK-k', 'Timon and Pumbaa - Cartoon Intro'),
('GkD20ajVxnY', 'Taylor Swift - Tim McGraw'),
('GL9n1dLcT7k', 'The Head and the Heart - Lost in my Mind'),
('GlgGTBi3y3A', 'Barack Obama Singing Timber by Pitbull (ft. Hillary Clinton)'),
('gnhXHvRoUd0', 'Kings Of Leon - Use Somebody (Official Video)'),
('gPHnadJ-0hE', 'Alan Jackson - Where Were You When The World Stopped Turning'),
('gq2ZJ418ad8', 'Thomas Rhett - Get Me Some Of That (Official Video)'),
('grakjh30Uu0', 'THE BODYGUARD I will always love you'),
('gS9o1FAszdk', 'The Script - The Man Who Can''t Be Moved'),
('GvzaUUR1MhM', 'Johnny Horton - The Battle of New Orleans'),
('gxEPV4kolz0', 'Billy Joel - Piano Man'),
('GXf0Qi71WnY', 'The Avett Brothers - Dancing Daze'),
('GxgqpCdOKak', 'Drake - Hold On, We''re Going Home ft. Majid Jordan'),
('gxnvxtYfsd4', 'Robin Hood (1973) whistle stop'),
('GyAJ4V06izg', 'The Shins - Simple Song (audio)'),
('GZfj2Ir3GgQ', 'Kacey Musgraves - Merry Go ''Round'),
('gZMCkufE0X0', 'Zac Brown Band - Highway 20 Ride'),
('g_uoH6hJilc', 'Years & Years - King (Official Video)'),
('h0V9vmtJyN0', 'The Avett Brothers Sing, Hammer Down.. By The Late Jason Molina'),
('H1uwxwvm2EY', 'The Avett Brothers - Those Green Eyes'),
('H2hkZbVsrPY', 'The Head and the Heart - Shake [OFFICIAL VIDEO] Filmed at Bear Creek Studios'),
('H2lzxGcbz-g', 'Of Monsters And Men - Empire (Official Lyric Video)'),
('H3-_omoYPsI', 'Kenny Chesney - Old Blue Chair'),
('h3JFEfdK_Ls', 'Billy Joel - My Life (Official Video)'),
('H4g4oV8lK4s', 'The Muppets - I''ll Get You What You Want (Cockatoo In Malibu) (from "Muppets Most Wanted")'),
('h52izqyVWA4', 'Lilo & Stitch | The Series Theme Song | Disney Insider'),
('h5EofwRzit0', 'Daft Punk - Get Lucky (Full Video)'),
('h62XSKmq0cc', 'The Avett Brothers - The Traveling Song'),
('H64QG4UsrGI', 'Mario - Let Me Love You'),
('H7Gr6HBMDu0', 'Of Monsters And Men - From Finner (Official Lyric Video)'),
('H7HmzwI67ec', 'Owl City & Carly Rae Jepsen - Good Time'),
('H7rhMqTQ4WI', 'Khaled - C''est la vie (Clip officiel)'),
('h8GUCQQZS64', 'Christina Aguilera - Reflection'),
('HaA3YZ6QdJU', 'Billy Joel - Just The Way You Are (Audio)'),
('haECT-SerHk', 'Helene Fischer - Atemlos durch die Nacht'),
('HBxt_v0WF6Y', 'Rihanna - Where Have You Been'),
('Hc16Y9fiCvQ', 'The Killers - Spaceman'),
('hcm55lU9knw', 'Michel Tel - Ai Se Eu Te Pego -  Video Oficial (Assim voc me mata)'),
('he3DJLXbebI', 'Nicki Minaj - Right By My Side (Explicit) ft. Chris Brown'),
('hff329Wi0P0', 'Monsters Inc'),
('hFofMqFem8Q', 'The Avett Brothers - Hand-Me-Down Tune'),
('hfOkfmPABJw', 'Stromae-Formidable (HQ)'),
('HH8AqsiF_rs', 'Soggy Bottom Boys - I''m A Man Of Constant Sorrow'),
('hHUbLv4ThOo', 'Pitbull - Timber ft. Ke$ha'),
('HI0x0KYChq4', 'Heigh Ho - Snow White and the Seven Dwarfs'),
('hiP14ED28CA', 'Jason Derulo - "Wiggle" feat. Snoop Dogg (Official HD Music Video)'),
('HkMNOlYcpHg', 'PSY - HANGOVER feat. Snoop Dogg M/V'),
('hLQl3WQQoQ0', 'Adele - Someone Like You'),
('HmzYPg9sr_A', 'Seth Avett  sings, A Change Is Gonna Come by Sam Cooke'),
('hNZ-Edgvrwo', 'the Head and the Heart - No One To Let You Down (@headandtheheart)'),
('Ho5HV_9_o_E', 'Jana Kramer - "Why Ya Wanna" (Official Music Video)'),
('House875_9k', 'Elton John - Written In The Stars with Leann Rimes'),
('hp0_2fjPlbM', 'The Fray - Heartbeat'),
('HpFaI0dKAHc', 'Luke Bryan - Drunk On You'),
('Hr0Wv5DJhuk', 'Miley Cyrus - 7 Things'),
('hsOrZAnQTgc', 'Yandel - Moviendo Caderas ft. Daddy Yankee'),
('hSq4B_zHqPM', 'Billy Joel - The River of Dreams'),
('hSy1agqhI7I', 'Roar (from "Monsters University")'),
('HtjwM2BUAYc', 'Big Green Tractor - Jason Aldean (Lyrics)'),
('HTzGMEfbnAw', 'Juice Newton - Angel Of The Morning'),
('hT_nvWreIhg', 'OneRepublic - Counting Stars'),
('HvvZ1TEQRB8', 'Pocahontas - Colors of the Wind (Disney Song)'),
('HwctEiWLe84', 'Chris Brown feat. Usher & Rick Ross - New Flame (Explicit Version)'),
('hX1YVzdnpEc', 'Barack Obama Singing Call Me Maybe by Carly Rae Jepsen'),
('HXaz-0-RMag', '16 In July - The Avett Brothers'),
('HXppfX-mBsE', 'The Muppets - We''re Doing a Sequel (from "Muppets Most Wanted") (Trailer)'),
('hxR40O55O5g', 'Sangria - Blake Shelton (OFFICIAL LYRICS)'),
('hYIYY3ZAcGY', 'The Avett Brothers-A Gift for Melody Anne'),
('HYqfEv269bw', 'Elton John -  Don''t Let The Sun Go Down On Me'),
('HyRXvhusrg8', 'ENGLISH - Oliver And Company - Perfect Isn''t Easy BluRay ( True HD-HQ )'),
('HysrQgMOTRo', 'Roy Orbison - In Dreams'),
('hYW__y01hFI', 'The Country Boy Song - Granger Smith (audio only)'),
('hz2L1v7Wkx8', 'Cristy Lane - One Day At A Time'),
('HzZ_urpj4As', 'Michael Jackson - The Way You Make Me Feel'),
('h_D3VFfhvs4', 'Michael Jackson - Smooth Criminal (Michael Jackson''s Vision)'),
('h_eK42Sw7DY', 'Woody''s Roundup (from Toy Story 2)'),
('I--C86ZkyXQ', 'Mulan - A Girl Worth Fighting For'),
('i1zuN17t51A', 'Justin Bieber "Where Are You Now"'),
('i3Kiu3b-_o8', 'Seth Avett Sings, A Famous Country Singer By Matt Butcher'),
('I4AR-eBF9G4', 'Real Gone (from Cars)'),
('i4ceIHBjozs', 'The Avett Brothers Sing, A Father''s First Spring'),
('I4keD5Qvya4', 'Thomas Rhett - It Goes Like This (Official Video)'),
('I550FJjqBHM', 'Elton John - Your Song'),
('I7HahVwYpwo', 'The Black Eyed Peas - Meet Me Halfway'),
('i8N6SScXb8M', 'John Newman - Cheating'),
('i8rMpN4o-b0', 'Cole Swindell - Ain''t Worth The Whiskey (Official Music Video)'),
('iaEmQJG2HHU', 'Little Big Town - Tornado'),
('iAMA1kjP3zo', 'The Avett Brothers - Will You Return?'),
('IbV6-3PlJAA', '**I told you so carrie underwood with lyrics!**'),
('IcrbM1l_BoI', 'Avicii - Wake Me Up (Official Video)'),
('IDNQgvGgB2o', 'The Avett Brothers - Ten Thousand Words (Lyrics)'),
('iEe_eraFWWs', 'The Black Eyed Peas - My Humps'),
('IeHjB_nBPGc', 'Avett Brothers Colorshow 9-24-10 Halo Bar St. Louis 3 of 4'),
('iEPTlhBmwRg', 'Maroon 5 - Moves Like Jagger ft. Christina Aguilera'),
('iEr9gMYdkHI', 'The Avett Brothers - Head Full of Doubt/Road Full of Promise (Official Video)'),
('IerShGxNTYs', 'Vince Gill & Carrie Underwood - ACM Girls Night Out Superstar Women of Country 720p HD'),
('If1MMyKst8M', 'The Weeknd  Kiss Land LYRICS'),
('ighEKw6RDBQ', 'Rascal Flatts - Come Wake Me Up'),
('IH1Z9DEDqpk', 'Josh Turner - Why Don''t We Just Dance'),
('ihf9A9g6pck', 'The Avett Brothers - The Once And Future Carpenter'),
('IHIy2DcgHKY', 'Parmalee - Close Your Eyes'),
('IiHhTdg8qrc', 'Rascal Flatts - I''m moving on .. Lyrics'),
('iII0o-8X0ks', 'I''m A Hokie # 76 - Armored Hokie'),
('ij_0p_6qTss', 'Selena Gomez - The Heart Wants What It Wants (Official Video)'),
('iKKdJr42wOY', 'Ne-Yo - Never Knew I Needed'),
('inAj-sbwP7I', 'Brad Paisley - Perfect Storm'),
('INLi7gH4oLE', 'Pocahontas soundtrack- Listen With Your Heart II'),
('inwAc-ZBpx0', 'Cher Lloyd - Want U Back ft. Astro'),
('IOfjesTu_jY', 'The Band Perry - Better Dig Two (Live On Letterman)'),
('iP6XpLQM2Cs', 'Ke$ha - TiK ToK'),
('iQkVUyqNyhQ', 'Elvis Presley - That''s All Right'),
('iqu132vTl5Y', 'Ace of Base - The Sign (Official)'),
('IrAoL3pVCDI', 'Lady Antebellum - Wanted You More'),
('iS1g8G_njx8', 'Ariana Grande - Problem ft. Iggy Azalea'),
('iSgomt0ckEA', 'The Avett Brothers - The Fall'),
('isLqoB3v_wI', 'Jason Aldean - My Kinda Party'),
('IthXOVp-K5I', 'The Avett Brothers - Laundry Room.'),
('Iv10t488Zpo', 'Janelle Mone - "Wondaland"'),
('IvN5h9BE444', 'Nicki Minaj - The Night Is Still Young'),
('iVXSfgAnxkk', 'Toy Story soundtrack - 04. Andy''s Birthday'),
('Ix5z1bRz4Sc', 'Cobra Starship: Good Girls Go Bad ft. Leighton Meester [OFFICIAL VIDEO]'),
('iXi6IHFHeIA', 'Sam Hunt - Take Your Time'),
('IXn-RvqOoRk', 'And It Spread - I and Love and You, 4/13'),
('IxqzHpKeYUE', 'Disney''s Hercules the Series theme'),
('iXvy8ZeCs5M', 'John Legend - Tonight (Best You Ever Had) ft. Ludacris'),
('IxxstCcJlsc', 'Zedd - Clarity (Official Video) ft. Foxes'),
('IY2y-jbPdfA', 'Little Big Town - Your Side Of The Bed'),
('IZbN_nmxAGk', 'Brad Paisley, Alison Krauss - Whiskey Lullaby (Official Video)'),
('izErE_oGt5A', 'Dolly Parton - "Islands in the Stream"'),
('iZRA-Dwv86E', 'Shania Twain - Whose Bed Have Your Boots Been Under'),
('I_RAi2Cfxyk', 'My Lady and the Mountain - The Avett Brothers'),
('J-xXuYvvqkI', 'Happy 19th Birthday Harry Styles 2013'),
('j08nbuPc92w', 'For the First Time In Forever (Reprise) - Frozen (Movie Clip)'),
('J0VR0YjE9wU', 'On the open road - A Goofy Movie'),
('j1IoLMqpRY4', 'The Ride David Allan Coe'),
('J2blK3TA-lA', 'Usher - Yeah (Live at iTunes Festival 2012)'),
('j2WWrupMBAE', 'Jessie J - Who You Are'),
('j37xdQFJ-Ng', 'The Avett Brothers perform "The Once and Future Carpenter"'),
('J3HwFtdVTfM', 'Eli Young Band - Crazy Girl (Official Version)'),
('J3UjJ4wKLkg', 'Rihanna - Take A Bow'),
('J4_wXPZ1Bnk', 'Dixie Chicks - Landslide'),
('j5-yKhDd64s', 'Eminem - Not Afraid'),
('j5GVa1yWYZM', 'Luke Bryan - Do I'),
('J6KUsPyQV6w', 'Peter Pan Lyric Video | You Can Fly | Sing Along'),
('j8fHNdrZTSI', 'Cline Dion - It''s All Coming Back To Me Now'),
('j8lchkhrxcE', 'Coal miners Daughter Lyrics'),
('J9gi161p5ME', 'Lilo & Stitch 2002   Hawaiian Roller Coaster   Scene'),
('J9gKyRmic20', 'Crowded House - Don''t Dream It''s Over'),
('J9iVgw4sv-M', 'Alexandra Burke - Bad Boys ft. Flo Rida'),
('j9jbdgZidu8', 'The Pogues Featuring Kirsty MacColl -  Fairytale Of New York (Official Video)'),
('j9MfuWSQoWc', 'Mulan- I''ll Make A Man Out of You (FULL HD)'),
('J9NQFACZYEU', 'Calvin Harris - Outside ft. Ellie Goulding'),
('J9tnMEAV3S8', 'Monsters University Soundtrack - Gospel - MarchFourth Marching Band'),
('JA644rSZX1A', 'Willie Nelson - Blue Eyes Crying In The Rain'),
('Jaj1zE0sUCI', 'The Avett Brothers - January Wedding'),
('Jb7kJ-j_dKA', 'Oliver And Company - Why Should I Worry (English)'),
('Jbp52Z9jRg0', 'mulan -  I''ll make a man out of you lyrics'),
('jbrF00Y4qE8', 'Tear Down The House'),
('JC2yu2a9sHk', 'Justin Bieber - All That Matters'),
('JCjXaEbrLdw', 'Brad Paisley - She''s Everything'),
('JDcuRgk-JEI', 'Cline Dion - Because You Loved Me'),
('je4nDvNJXsg', 'Tangled - When Will My Life Begin - Mandy Moore'),
('Je_24df8BZs', 'Chris Young - Who I Am with You'),
('JF8BRvqGCNs', 'Rihanna - Stay ft. Mikky Ekko'),
('jfJWNULzufc', 'Lucy Hale - Bless Myself'),
('jH4YI1faPwU', 'George Strait - Carrying Your Love With Me'),
('Jhj25HnpSRU', 'The Return of Jafar - You''re Only Second Rate (1080p)'),
('jHyTFXEkNEc', 'Porta - La bella y la bestia.  Video Clip Oficial');
INSERT INTO `videos` (`video_id`, `title`) VALUES
('Jj4nJ1YEAp4', 'Kenny Rogers - The Gambler (1978)'),
('JJ5ZuXUCqnM', 'Bart Baker- Katy Perry Featuring -Juicy J "Dark Horse" PARODY [Lyrics on Screen]'),
('JkK8g6FMEXE', 'Aerosmith - I Don''t Want to Miss a Thing'),
('JLn6ZYkGBP0', 'Blake Shelton - Goodbye Time (Official Video)'),
('JlxByc0-V40', 'Beyonc - Sweet Dreams'),
('jLz2YuVLLmg', 'the hunchback of notre dame  out there'),
('JmcA9LIIXWw', 'Culture Club - Karma Chameleon'),
('jMpEl4pqd_Q', 'Elton John - Made In England'),
('jN2AdOjI4FI', 'Stevie Wonder - Part Time Lover (Lyrics)'),
('jNeJQjN1I3g', 'The Many Adventures of Winnie the Pooh - Winnie The Pooh (lyrics)'),
('jnPRAzKV-0Y', 'The Head and The Heart - Honey Come Home'),
('JnX2BoZE9w4', 'Alan Jackson - Country Boy'),
('jofNR_WkoCE', 'Ylvis - The Fox (What Does The Fox Say?) [Official music video HD]'),
('Jpf8z2HFbBA', 'The Avett Brothers - Tear Down The House'),
('JpGdcg8TdVI', 'Johnny Cash - I Walk The Line (longer version) (Early Demo from Cash Bootleg Vol. II)'),
('JPSfhQkrzEI', 'Oliver And Company - Good Company (English)'),
('jqpAgMxhx30', 'Leona Lewis - Run (Official Video)'),
('jqYxyd1iSNk', 'Katy Perry - Birthday'),
('JRfuAukYTKg', 'David Guetta - Titanium ft. Sia (Official Video)'),
('JSgyvCan8qg', 'Kip Moore - Beer Money'),
('JTT2LEyjdC4', 'Blake Shelton - Some Beach (Official Video)'),
('jUe8uoKdHao', 'David Guetta - Without You ft. Usher (Official Video)'),
('jURRsAMGuZk', 'Cars Life is a Highway'),
('JVNINvk37Uk', 'The Shins - No Way Down (In The Studio)'),
('JW5UEW2kYvc', 'Alan Jackson - Chattahoochee'),
('JXAgv665J14', 'Blake Shelton - Boys ''Round Here ft. Pistol Annies & Friends (Official Music Video)'),
('JxiRmO2H0IE', 'Playa Limbo - Limbo'),
('JXRN_LkCa_o', 'Chris Brown - Loyal (Explicit) ft. Lil Wayne, Tyga'),
('jYa1eI1hpDE', 'Taylor Swift - Mean'),
('jyqWjl7GkCE', 'The Shins - The Rifle''s Spiral'),
('k-ImCpNqbJw', 'Diddy - Dirty Money - Coming Home ft. Skylar Grey'),
('K-P15e6NvtU', 'The Shins - So Says I [OFFICIAL VIDEO]'),
('k0BWlvnBmIE', 'Katy Perry - Wide Awake'),
('k2C5TjS2sh4', 'Roxette - It Must Have Been Love'),
('K2OMDMNziKk', 'The Head and the Heart - Down in the Valley'),
('K3mDfFe1nuE', 'Gonna Take You There - Princess and the Frog'),
('k4V3Mo61fJM', 'Coldplay - Fix You'),
('K5KAc5CoCuk', 'Indila - Dernire Danse (Clip Officiel)'),
('k6M5C-oKw9k', 'Ne-Yo - Miss Independent'),
('k85mRPqvMbE', 'Crazy Frog - Axel F'),
('K8Ppij45zM8', 'The Princess and the Frog Sing-A-Long - "Almost There"(2009) Disney Animated Movie HD'),
('KABO3F9IfEw', 'The Avett Brothers - Love Like the Movies'),
('KagqMBLSDLo', 'My Kind of Crazy- Brantley Gilbert'),
('KakmItBhBkM', 'If This Was A Movie Taylor Swift Lyrics'),
('KBthi_An5qQ', 'Muppet Christmas Carol - Scrooge'),
('kc823UD0LeU', 'Jason Aldean - Amarillo Sky'),
('KcdQk7JBPzQ', 'Cruella De Vil (Original Song)'),
('Kcos7xVma4U', 'The Rescuers - Rescue Aid Society'),
('kdEGq4z6fP0', 'Careless Whisper - WHAM'),
('kdemFfbS5H0', '#SELFIE (Official Music Video) - The Chainsmokers'),
('KdS6HFQ_LUc', 'Rihanna - S&M'),
('KE23kBRzKmg', 'Wanted Man by The Avett Brothers'),
('KEiINP64-Uw', 'The Head and the Heart- Ghosts Lyrics'),
('kepZcongI-0', 'The Avett Brothers ''Paranoia in b Flat Major'' (3-24-07) 3 camera angles'),
('kffacxfA7G4', 'Justin Bieber - Baby ft. Ludacris'),
('kfqtO88ZlBQ', 'Jimmy Buffett & Alan Jackson live - It''s 5 o''clock Somewhere (06-26-03)'),
('kfVsfOSbJY0', 'Friday - Rebecca Black - Official Music Video'),
('KhTjnzlcIeI', 'A Dream Is A Wish Your Heart Makes (English)'),
('kHue-HaXXzg', 'Demi Lovato - Let It Go (from "Frozen") [Official]'),
('khvaIwonxUk', 'Scales and Arpeggios The Aristocats ENG'),
('KII1ruAfvsg', 'Take That - Rule The World (Official Video)'),
('KiuBw_kj1-U', 'Pocahontas - "If I Never Knew You"'),
('Kjpa0SMOug0', 'Little Mix - Salute'),
('kkoT1nZOexY', 'Blake Shelton - Home (Official Video)'),
('KlyXNRrsk4A', 'Katy Perry - Last Friday Night (T.G.I.F.)'),
('kmWIxnVBU7w', 'The Avett Brothers "Glory Days" - Hangin'' Out On E Street'),
('KmxaY_OVvWA', 'Highway Don''t Care'),
('kn-AB78kvvE', 'Willie Nelson - Roll Me Up and Smoke Me When I Die'),
('kn6-c223DUU', 'B.o.B - Airplanes ft. Hayley Williams of Paramore [OFFICIAL VIDEO]'),
('KNZH-emehxA', 'Shania Twain - You''re Still The One'),
('koJlIGDImiU', 'Enrique Iglesias - Hero'),
('kPBzTxZQG5Q', '3 Doors Down - Here Without You'),
('kpeWFFoOYq4', 'Elton John - Your Song (With Alessandro Saf)'),
('KQ6zr6kCPj8', 'LMFAO - Party Rock Anthem ft. Lauren Bennett, GoonRock'),
('kQ8xqyoZXCc', 'Kacey Musgraves - Follow Your Arrow'),
('Kqj_UNMM-eI', 'The Avett Brothers - My Last Song to Jenny'),
('KRaWnd3LJfs', 'Maroon 5 - Payphone (Explicit) ft. Wiz Khalifa'),
('KrD7_e2HU0U', 'time to say goodbye. english version with lyrics, sarah brightman'),
('kReGp7v4vG4', 'Peter Pan - The second star to the right'),
('kT-t7Mu-eO4', 'The Shins - A Comet Appears'),
('kT-_tax6_ss', 'Carly Simon - With A Few Good Friends (1080p, HD version) !!'),
('kt0g4dWxEBo', 'Rihanna And Kanye West And Paul McCartney - FourFiveSeconds'),
('kTHNpusq654', 'Katy Perry - Hot N Cold'),
('KtKXc_v2iLE', 'Randy Travis - "Forever and Ever, Amen" OFFICIAL AUDIO'),
('KtNYA4pAGjI', 'Martina McBride - Concrete Angel'),
('KtsV4bWPHsY', 'Lilo & Stitch- He Mele No Lilo'),
('ktvTqknDobU', 'Imagine Dragons - Radioactive'),
('kVpv8-5XWOI', 'Train - Hey, Soul Sister'),
('kwWX0ylkP0M', 'Demi Lovato - This Is Me Acoustic Version - LYRICS+DOWNLOAD'),
('KWZGAExj-es', 'Sia - Elastic Heart feat. Shia LaBeouf & Maddie Ziegler (Official Video)'),
('KxEwxWWPyhg', 'Darius Rucker - Homegrown Honey'),
('kXmmXAUqfd8', 'Blake Shelton - Sure Be Cool If You Did (Official Music Video)'),
('kxOYvI0pfLo', 'Carrie Underwood - Little Toy Guns'),
('Kyb2K8pkevA', 'I''m on Fire'),
('kYtGl1dX5qI', 'will.i.am - Scream & Shout ft. Britney Spears'),
('KZA_yZ75kkQ', 'Big and Rich - "Fake I.D." ft. Gretchen Wilson (Official Music Video)'),
('k_mpaF5-SlU', 'Chim Chim Cher-ee (from "Mary Poppins")'),
('L0QtC11fI3o', 'Enrique Iglesias - Dmelo'),
('l10DWZTXGN4', 'The Shins - Gone for Good'),
('l2gGXlW6wSY', 'Eric Church - Springsteen'),
('l50L4GYhpLc', 'Rodney Atkins - If You''re Going Through Hell (Official)'),
('l5DnNxDTjbQ', 'Eric Church - Give Me Back My Hometown'),
('L7XK_zNq930', 'Conway Twitty''s "That''s My Job"'),
('L8eRzOYhLuw', 'Ariana Grande - Break Free ft. Zedd'),
('l9PxOanFjxQ', 'Fall Out Boy - Immortals (From "Big Hero 6")'),
('lAj-Q_W9AT4', 'George Strait - Write This Down'),
('lB8Nkn3Xjes', 'Zac Brown Band - Toes (Video)'),
('Lb9q1ScC4cg', 'Jason Aldean - Dirt Road Anthem'),
('lBDN8yWyNYU', 'Trace Adkins - You''re Gonna Miss This'),
('lcOxhH8N3Bo', 'Bonnie Tyler - Total Eclipse of the Heart'),
('LcxYwwIL5zQ', 'Zip-A-Dee-Doo-Dah'),
('lDQc6SMNwgY', 'The Avett Brothers - All My Mistakes'),
('ldQrapQ4d0Y', 'Toby Keith - As Good As I Once Was'),
('LduiYNQXI0A', 'Wu Chun - When you say nothing at all(Alison Krauss & Union Station)'),
('LDZX4ooRsWs', 'Nicki Minaj - Anaconda'),
('LhX6hsHke5Y', 'Elton John - Someone Saved My Life Tonight'),
('LiaYDPRedWQ', 'Avril Lavigne - Hello Kitty'),
('LiUqgL5urWc', 'Hunter Hayes - "Invisible" [Official Music Video]'),
('LjhCEhWiKXk', 'Bruno Mars - Just The Way You Are [OFFICIAL VIDEO]'),
('lJIB_s_7dcw', 'Billy Currington - We Are Tonight'),
('LkIWmsP3c_s', 'Fall Out Boy - My Songs Know What You Did In The Dark (Light Em Up) - Part 1 of 11'),
('LKufPlFT-Cc', 'The Avett Brothers - Sanguine'),
('lLmNaCgjkYQ', 'Luke Bryan - I See You (Lyric Video)'),
('lm4bxvhQC5A', 'Scott Avett - "The Greatest Sum"'),
('loWXMtjUZWM', 'I Want to know what love is - Foreigner'),
('LOZuxwVk7TU', 'Britney Spears - Toxic (Official Video)'),
('lp-EO5I60KA', 'Ed Sheeran - Thinking Out Loud [Official Video]'),
('LP5irLCDB4Q', 'Waylon Jennings Mamas Don`t Let Your Babies Grow up to be Cowboys'),
('LPn0KFlbqX8', 'Cyndi Lauper - True Colors'),
('LpwaikUTLYY', '"When I Drink"'),
('LQzCHoOQHvY', ' (Apink) - Mr.Chu Mr.Chu(On Stage)  ()'),
('LraOiHUltak', 'Carrie Underwood - Temporary Home'),
('LrUvu1mlWco', 'Miley Cyrus - We Can''t Stop'),
('lSsx0PC5yrk', 'So This Is Love (from Cinderella)'),
('LStLzhM3P5M', 'Avett Brothers - Walking For You'),
('LSTPIUz_QY4', 'Easton Corbin - Lovin'' You Is Fun'),
('ltrMfT4Qz5Y', 'Kenny Loggins - Footloose'),
('lU9p1WRfA9w', 'Patrick Swayze - She''s Like The Wind ft. Wendy Fraser'),
('LupeGtJ3a3E', 'Selena Gomez & The Scene - Love You Like A Love Song (Audio)'),
('lVhJ_A8XUgc', 'Britney Spears - Circus'),
('lvR1YgT7QYs', 'Roy Orbison - You Got It'),
('lWA2pjMjpBs', 'Rihanna - Diamonds'),
('lWtTdRmSrYQ', 'Frozen - Fixer Upper (HD)'),
('Lx5zz5Kxcng', 'Violetta En Vivo - Voy Por Ti - [HD]'),
('lXLL9uCmx8g', 'It Goes On and On - I and Love and You, 12/13'),
('LXXQLa-5n5w', 'Beyonc - Pretty Hurts'),
('lydBPm2KRaU', 'Carrie Underwood - Jesus, Take The Wheel'),
('LZ34LlaIk88', 'Taylor Swift - Ours'),
('lzq4UmZbPv0', 'Pretend Love - The Avett Brothers - Winston Salem RTB'),
('m-M1AtrxztU', 'Clean Bandit - Rather Be ft. Jess Glynne [Official Video]'),
('M11SvDtPBhA', 'Miley Cyrus - Party In The U.S.A.'),
('m36xv75MJ4U', 'Carrie Underwood - All-American Girl (Official Video)'),
('m4cgLL8JaVI', 'Daft Punk - Derezzed (from TRON: Legacy)'),
('M7mIyLvD-DY', 'The Shins - Caring Is Creepy (Live On Letterman)'),
('M97vR2V4vTs', 'Rudimental - Waiting All Night ft. Ella Eyre [Official Video]'),
('ma4etvrbfyM', 'Head Full of Doubt/Road Full of Promise - I and Love and You, 3/13'),
('MApGw8V59Hw', 'Goof Troop Theme Song | Disney Insider'),
('mBCVEcjScTQ', 'Elton John - Your Song'),
('MbtajuiuLMU', 'Maroon 5 - If I Never See Your Face Again ft. Rihanna'),
('mCHUw7ACS8o', 'Of Monsters And Men - Dirty Paws (Official Lyric Video)'),
('MdkIJm65ytM', 'Dixie Chicks - Cowboy Take Me Away'),
('ME2Hufquz0k', 'Wisin - Adrenalina ft. Jennifer Lopez, Ricky Martin'),
('MgJ7v8D8iFE', 'Eric Paslay - She Don''t Love You'),
('Mhj15W23IjA', 'James Arthur - Impossible'),
('mHxOltrMfX8', 'Enrique Iglesias - Turn The Night Up (Official)'),
('mIA0QJrzg38', 'ADELE - Set Fire To The Rain'),
('MIS273k7Iok', 'The Perfect Space - I and Love and You, 5/13'),
('mIwa9sPFT5I', 'Whistle While You Work - Snow White and the Seven Dwarfs'),
('mjMuiEllrwc', 'Elton John - This Train Don''t Stop There Anymore'),
('mk48xRzuNvA', 'The Script - Hall of Fame ft. will.i.am'),
('Mlf-oPH_JnE', '''Not in Nottingham'' from Disney''s Robin Hood (HD)'),
('Mm4oCmCAtHM', 'Elton John - Island Girl'),
('mM6cLnscmO8', 'Paperman Trailer'),
('MMAppa1cAVo', 'Austin Mahone - Mmm Yeah ft. Pitbull'),
('MmxqAGmAttU', 'I Need You | Official Music Video | McGraw (feat. Faith Hill)'),
('moSFlvxnbgk', 'Disney''s Frozen "Let It Go" Sequence Performed by Idina Menzel'),
('mpc3ffTLm_g', 'Frankie Ballard - "Young & Crazy" (Official Video)'),
('MqdIks-NC04', 'Avett Brothers - If It''s The Beaches'),
('MRdm4wcm3XE', 'Big & Rich - Look At You (Official)'),
('mrhCuHSpRy8', 'Peter Pan - 09 - Following the Leader'),
('MrwQUgr-9Ng', 'Disney''s Frozen "In Summer" Sequence Performed by Josh Gad'),
('Ms-w4M_AYxU', 'Barenaked Ladies - One little slip - Chicken Little'),
('mSX2vUQJEvk', 'DRUNKEN SAILOR'),
('MU8B4XDI3Uw', 'Maroon 5 - Love Somebody'),
('mUFObCZtGWQ', 'Trisha Yearwood - She''s In Love With The Boy'),
('mvCgSqPZ4EM', 'Garth Brooks- Friends In Low Places'),
('mw0v-7CfLvc', 'Barack Obama and Mitt Romney Singing Hot and Cold by Katy Perry'),
('mwaGzIPpbBI', 'The Head and the Heart - Let''s Be Still [OFFICIAL VIDEO]'),
('Mx1MmY1Bb50', 'Belle (Little Town) - Beauty and the Beast (1991)'),
('mXvmSaE0JXA', 'Ke$ha - We R Who We R'),
('My2FRPA3Gf8', 'Miley Cyrus - Wrecking Ball'),
('Mynzbmrtp9I', 'Ghost riders in the sky - Johnny Cash - Full Song'),
('mzOu3FrFPoc', 'The HuchBack Of Notre Dame Soundtrack ~ Bells Of Notre Dame'),
('MzU_M_e961E', 'Rascal Flatts Unstoppable Lyrics'),
('m_2-XrjBAFM', 'Travis Tritt - Anymore lyrics'),
('N-aK6JnyFmk', 'California Dreamin - Mamas & The Papas'),
('n-D1EB74Ckg', 'Selena Gomez - Come & Get It'),
('n00g71TySS4', 'Peaceful Easy Feeling  The Eagles'),
('N1GfEl8XUc4', 'Kenny Chesney - Come Over'),
('N2B5hzGeCWY', 'The Work Song (from Cinderella)'),
('n56hFE9Aquc', 'Kenny Chesney - Somewhere With You'),
('N5n24FEw1H4', 'Conway Twitty - Don''t Cry Joni - Original Mix - Country Music Experience'),
('N5OZCKxj158', 'Murder in the City Music Video'),
('N6O2ncUKvlg', 'Nelly - Just A Dream'),
('N6ODMKSWzT4', 'Bob Dylan - Lay Lady Lay'),
('N8i5NLyXZdc', 'Johnny Cash - I Won''t Back Down'),
('N8QmRL4jDTg', 'Cline Dion - It''s All Coming Back To Me Now'),
('N9AAEWEQyMg', 'The Avett Brothers - Clearness Is Gone (Live in Concord, NC)'),
('N9hazmsUxrM', 'David Guetta Feat. Akon - Sexy Chick (Official Video)'),
('nADTbWQof7Y', 'Josh Turner - Your Man'),
('nanOevuxpdM', 'Barack Obama Singing Shake It Off by Taylor Swift'),
('NbE3TUegz3s', 'Brantley Gilbert - Small Town Throwdown ft. Justin Moore, Thomas Rhett'),
('NBlrbFYfRkQ', 'Scott Avett Sings, One More Night by Bob Dylan'),
('Nbrdx6nQQO4', 'Up Soundtrack-Stuff We Did'),
('NcbMdWCTIsQ', 'Avett Brothers - ''Pretty Girl From Raleigh'''),
('NcbRMzH27GM', 'The Head and the Heart - Down in the Valley (not the video)'),
('nCf2PoTuh4Q', 'Blake Shelton - God Gave Me You (Official Video)'),
('nCkpzqqog4k', 'Sam Smith - I''m Not The Only One'),
('ND-SB3OxP38', 'Scotty McCreery - The Trouble With Girls'),
('NDFCR1AhWRI', 'Kim Possible - Intro [720p]'),
('NdYWuo9OFAw', 'Goo Goo Dolls - "Iris" [Official Music Video]'),
('ne2KcKLizJ8', 'The Avett Brothers - Smoke In Our Lights'),
('nEIcTstEmnQ', 'Billy Joel Uptown Girl with Lyrics'),
('NEJniCCuqR4', '"Coward of the County" by Kenny Rogers (1980)'),
('nEO139KXB6s', 'Lucy Hale - Lie a Little Better (Official Video)'),
('nEQj6RrQbgA', 'Carrie Underwood - So Small'),
('nfWlot6h_JM', 'Taylor Swift - Shake It Off'),
('NG2zyeVRcbs', 'Miley Cyrus - The Climb - Official Music Video (HQ)'),
('NGFToiLtXro', 'Can''t Take My Eyes off You - Frankie Valli and The 4 Seasons'),
('NGkTnOcDiwE', 'Seth Avett sings,"Pretty Girl at the Airport"'),
('NGrLb6W5YOM', 'Cline Dion - All By Myself'),
('nGy8m9T4v_w', 'Deleted video'),
('Nh2dZWH762w', 'Miranda Lambert - Gunpowder & Lead - Lyrics in Description'),
('NHxS8wlDngI', 'George Strait - Check Yes Or No'),
('nIjVuRTm-dc', 'Maroon 5 - She Will Be Loved'),
('Nj2700em-JQ', 'Joe Nichols - Tequila Makes Her Clothes Fall Off'),
('nk1g6jJTsXY', 'The Eagles Lyin'' eyes'),
('nkqVm5aiC28', 'Ed Sheeran - All Of The Stars [Official Video]'),
('NKwer9PEsJw', 'Collin Raye - Love, Me'),
('nlcIKh6sBtc', 'Lorde - Royals (US Version)'),
('NLLvocsmnNU', 'The Head and the Heart - Cats and Dogs [OFFICIAL VIDEO]'),
('nlM60Nwc6CE', 'Mickey Mouse - Steamboat Willie (Whistling song)'),
('nLNYDY_-pSs', 'It Goes On and On - The Avett Brothers'),
('nlt5Wa13fFU', 'SEREBRO - Mi Mi Mi (Official Video)'),
('nLx_7wEmwms', 'WALL-E Intro'),
('NmD1miGKI3s', 'Steve Holy   Good Morning Beautiful prevod        !!!'),
('nmjdaBaZe8Y', 'Chris Brown - With You'),
('NmugSMBh_iI', 'Maroon 5 - Maps (Explicit)'),
('NnOLz6qIruA', 'CHARLI XCX - BREAK THE RULES (TIESTO REMIX)'),
('noEr7kmqBXE', 'Taylor Swift: Treacherous Full Song'),
('NOoNcDkJhsI', 'Luke Bryan - All My Friends Say'),
('nOqQVUbeN18', 'High School Music Band - When You Say Nothing At All - From ''''notthing Hill'''''),
('NOubzHCUt48', 'Ke$ha - Die Young (Official)'),
('NPW3mvAN0Rc', 'Wall-E: Define Dancing HQ'),
('Ntn1-SocNiY', 'Shakira - Waka Waka (This Time For Africa) ft. Freshlyground'),
('Nu7eqmOQhLA', 'The Avett Brothers - Paul Newman vs The Demons (Live on 89.3 The Current)'),
('NUsoVlDFqZg', 'Enrique Iglesias - Bailando (Espaol) ft. Descemer Bueno, Gente De Zona'),
('nUv387M7vUU', 'The Time of Your Life (from A Bug''s Life)'),
('nvfejaHz-o0', 'One Direction - Gotta Be You'),
('nVUHHW1tJYA', 'Andrea Bocelli - Con Te Partir'),
('nwZEcdBMLLU', 'Beauty and the Beast - Something There [HD]'),
('NXT4YJekeXc', 'The Avett Brothers - "Feburary Seven" (Live Session) I Billboard Tastemakers'),
('nzVtAfShwRw', 'Echosmith - Talking Dreams [Official Music Video]'),
('o-0Oect0nVQ', 'Billy Joel - Uptown Girl (Audio)'),
('O-TI1RbQHlg', 'Scott Avett Sings, The Coo Coo Song'),
('O-zpOMYRi0w', 'Iggy Azalea - Fancy (Explicit) ft. Charli XCX'),
('o0MIFHLIzZY', 'Johnny Cash -  Ain''t No Grave [Official]'),
('o1BGRqz9l2o', 'Faith Hill - American Heart (Official Video)'),
('o1C3mVUkAt8', 'David Nail - Whatever She''s Got'),
('o1JOFhfoAD4', 'Toby Keith - Beer For My Horses ft. Willie Nelson'),
('O1OTWCd40bc', 'The Weeknd - Wicked Games (Explicit)'),
('O1w_ipzsEBc', 'Barack Obama and Mitt Romney Singing Party in the USA by Miley Cyrus (PREVIEW)'),
('o3fVD5j0Ask', 'Sleeping Beauty - I Wonder'),
('o3IWTfcks4k', 'Usher - U Got It Bad'),
('o3mP3mJDL2k', 'Shakira - Can''t Remember to Forget You ft. Rihanna'),
('o3ygmKlaw-0', 'Oliver and Company - Once Upon a Time in New York City (Blu-ray 1080p HD)'),
('o4Yzj-m_SBk', 'Miranda Lambert - Somethin'' Bad ft. Carrie Underwood'),
('o6G6FQkPecM', 'The Head and the Heart - Cruel'),
('O7rnj05lwqU', 'The Avett Brothers - Bella Donna'),
('O8-DdKg5dOI', 'Bryan Adams - (Everything I Do) I Do It For You ( Solo Guitar ) Jose Garcia'),
('o8ZnCT14nRc', 'Elton John - Circle Of Life (High Quality)'),
('Oa-ae6_okmg', 'Mad World - Gary Jules (Lyrics)'),
('oABEGc8Dus0', 'Rudimental - Feel The Love ft. John Newman [Official Video]'),
('OaertajFKkg', 'One Direction- Moments Lyrics'),
('oajuSNChUOo', 'Florida Georgia Line - Get Your Shine On'),
('Ob7vObnFUJc', 'Beyonc - Love On Top'),
('Oba8Pmq39yU', 'Substitutiary Locomotion'),
('oBkSy3dnIY8', '"Let''s go fly a kite" from Mary Poppins'),
('oC-GflRB0y4', 'David Guetta & Showtek - Bad ft. Vassy (Lyrics Video)'),
('OcajSzQX4k8', 'pepper ann theme song'),
('OCbojdYfMN8', 'The Avett Brothers, "The Lowering (a Sad Day in Greenvilletown)"'),
('ocDlOD1Hw9k', 'P!nk - F**kin'' Perfect'),
('OE5Ww1QQFL0', 'One Hundred and One Dalmatians - Main Title Music'),
('Oec5DWPImQc', 'The Avett Brothers - Matrimony - 1/23/07 - 2 camera angle'),
('oel_7tN1IRw', 'The Avett Brothers - Pretty Girl from Feltre'),
('Oextk-If8HQ', 'Keane - Somewhere Only We Know'),
('ofA3URC1wyk', 'Bryan Adams, Rod Stewart, Sting - All For Love'),
('oG08ukJPtR8', 'Michael Jackson, Justin Timberlake - Love Never Felt So Good'),
('OG35_Siz_iw', 'The Avett Brothers - I And Love And You (Live)'),
('OGoiiwxTWeE', 'Blake Shelton - Hillbilly Bone [feat. Trace Adkins] (Official Video)'),
('oh2LWWORoiM', 'Tove Lo - Habits (Stay High)'),
('OHTSxw6zN1E', 'The Shins - Australia [OFFICIAL VIDEO]'),
('oiKj0Z_Xnjc', 'Stromae - Papaoutai'),
('oIMWP2qGE_U', 'Paula Fernandes - Um Ser Amor'),
('OJGUbwVMBeA', 'Demi Lovato - Really Don''t Care (Official Video) ft. Cher Lloyd'),
('ok7ikZaoko4', 'Someday - All 4 One - Hunchback of Notre Dame'),
('oKar-tF__ac', 'Taylor Swift - Sparks Fly'),
('okGcksYM0N8', 'Ciara - I Bet'),
('OKNAfTowygA', 'The Avett Brothers - I Would Be Sad'),
('OK_KvknlJxA', 'Jesse & Joy - Llorar (feat. Mario Domm) [Video Oficial]'),
('oM7NQQ0Lfu4', 'Carrie Underwood - Cowboy Casanova'),
('OMOGaugKpzs', 'The Police - Every Breath You Take'),
('oOAfz0H4f00', 'Jason Derulo "Trumpets" (Official HD Music Video)'),
('oofSnsGkops', 'James Blunt - You''re Beautiful (Video)'),
('oouFE51HcqM', 'Zac Brown Band - Colder Weather (Official Music Video)'),
('ooxpHMyyehw', 'One Direction - Happily'),
('OPf0YbXqDm0', 'Mark Ronson - Uptown Funk ft. Bruno Mars'),
('OpQFFLBMEPI', 'P!nk - Just Give Me A Reason ft. Nate Ruess'),
('OPrHB4DU1cE', 'Phil Collins - No Way Out Official Music Video HQ Audio.'),
('or-Lam5tPHc', 'Tim McGraw - Meanwhile Back At Mamas ft. Faith Hill'),
('oRBXUpQ1RkI', 'Avett Brothers - I Never Knew You (Official Video)'),
('orsi_DXJnyY', 'Hunter Hayes - Storyline Lyrics'),
('oRTlfFlJ4o8', 'The Beach Boys & Annette Funicello - The Monkey''s Uncle'),
('ORx6_1gHwQs', 'Colors Of The Wind - Vanessa Williams HD'),
('oS1NfjLkdSM', 'Easton Corbin - A Little More Country Than That'),
('otL_75bDGmk', '101 Dalmations TV Series Theme'),
('ouAt_5UO83s', 'Nightmare Before Christmas  -  Jack''s Lament HQ'),
('oUbpGmR1-QM', 'Jay Sean - Down ft. Lil Wayne'),
('OUkkaqSNduU', 'Disclosure - You & Me (Flume Remix)'),
('oVEBZLrjpw4', 'Carrie Underwood - Two Black Cadillacs'),
('oxqnFJ3lp5k', 'Train - Drive By'),
('OY1TlxJORik', 'The Princess and the Frog - Friends on the Other Side (HD)'),
('oYRyP5V-fI4', 'The Avett Brothers, "Salvation Song", Huntington, WV - October 29, 2009'),
('OZLUa8JUR18', 'LIL WAYNE - Mirror ft. Bruno Mars'),
('o_1aF54DO60', 'Lana Del Rey - Young and Beautiful'),
('o_v9MY_FMcw', 'One Direction - Best Song Ever'),
('O_Z6LTx9OD0', 'Lee Brice - Hard To Love (Pop Version) (Official Music Video)'),
('p1JPKLa-Ofc', 'Beyonc - Drunk in Love (Explicit) ft. JAY Z'),
('p2Rch6WvPJE', 'Toni Braxton - Un-Break My Heart'),
('p41reE5mWFw', 'Look through my eyes (Phil Collins)'),
('p47fEXGabaY', 'Ricky Martin - Livin'' La Vida Loca'),
('p4QqMKe3rwY', 'Abba - Chiquitita'),
('p5Rlgu4L9J4', 'Zac Brown Band - Goodbye In Her Eyes (Official Video)'),
('p7IvD5DwE5k', '[HIT] -AOA - (Like a Cat).20141205'),
('Pa0lMzaljTk', 'Zero to hero (English) HD'),
('pa14VNsdSYM', 'Rihanna - Only Girl (In The World)'),
('PaEIXFV8g2g', 'SEREBRO - Mi Mi Mi (Official Video Lyrics)'),
('pB-5XG-DbAA', 'Sam Smith - Stay With Me'),
('Pb-K2tXWK4w', 'Taylor Swift - Fifteen'),
('pBI3lc18k8Q', 'Jason Derulo - Whatcha Say (Video)'),
('pco91kroVgQ', 'Lady Gaga - Applause (Official)'),
('pd6QdV1Zyv8', 'Hello Vietnam - Bonjour Vietnam (with lyric) - Pham Quynh Anh'),
('PGt4dETRQ1g', 'Finding Nemo Score- 04 - First Day -Thomas Newman'),
('pgYEJHJXFB4', 'Celine Dion & Peabo Bryson - Beauty And The Beast (HQ Official Music Video)'),
('pH2PxmfpxPw', 'Avett Brothers - More of You - Bijou 11-7-08'),
('PIb6AZdTr-A', 'Cyndi Lauper - Girls Just Want To Have Fun (Official Video)'),
('PIh2xe4jnpk', 'MAGIC! - Rude'),
('PIPfNFdXqI8', 'Bob Seger and The Silver Bullet Band - Like a Rock'),
('PivWY9wn5ps', 'Michael Jackson - Man In The Mirror'),
('PJe754cLbok', 'Blake Shelton - Kiss My Country Ass (Official Video)'),
('pJgoHgpsb9I', 'Carrie Underwood - Blown Away'),
('pKFJ8V5CNJQ', 'The Avett Brothers- At The Beach (photage version)'),
('PKpQRjj_WbU', 'Billy Currington - People Are Crazy'),
('Pljp0RHbKmA', 'Mickey Guyton - Better Than You Left Me'),
('PmvT7B3u7II', 'A Whole New World - Peabo Bryson and Regina Belle'),
('pNBD4OFF8cc', 'Frank Ocean - Thinkin Bout You (Live on SNL)'),
('Po7LeNHkNNI', 'Disney''s "The Hunchback of Notre Dame" - A Guy Like You'),
('pojL_35QlSI', 'Dixie Chicks - Not Ready To Make Nice'),
('pRpeEdMmmQ0', 'Shakira - Waka Waka (This Time for Africa) (The Official 2010 FIFA World Cup Song)'),
('PrQQZuLru9s', 'Colonel Hathi Elephant March - Jungle Book Songs'),
('PrU0E5TwSOs', 'The Shins - Phantom Limb'),
('psuRGfAaju4', 'Owl City - Fireflies'),
('pt8VYOfr8To', 'Britney Spears - Work B**ch'),
('PTOFEgJ9zzI', 'Jessie J - Masterpiece'),
('ptSjNWnzpjg', 'Taylor Swift - Fearless'),
('PufzNvXdJog', 'Miley Cyrus ft. Billy Ray Cyrus- Butterfly Fly Away ( with Lyrics)'),
('puiJKDWFars', 'Florida Georgia Line - It''z Just What We Do'),
('pUjE9H8QlA4', 'Mr. Probz - Waves (Robin Schulz Remix Radio Edit)'),
('pvKFBxjF5XM', 'The Avett Brothers - The Greatest Sum'),
('PWA88-i7a7E', 'Bleeding Love - The Vampire Visual (Moto Blanco Edit)'),
('Px-oCnms8Pg', 'Eric Paslay - Song About A Girl'),
('PXqR5O0ulT4', 'Tyler Farr - Whiskey in My Water'),
('py5VdvxO9cE', 'Randy Houser - Runnin'' Outta Moonlight'),
('PyRZTAmcW7c', 'Josh Turner - Long Black Train'),
('Q-AzbQmUaYc', 'The Shins - Saint Simon'),
('Q1FDvQ_J1Hs', 'The D Bag Rag - The Avett Brothers'),
('Q33SoblaZbU', '[MV] SISTAR() _ TOUCH MY BODY(  )'),
('q5dyRkJz0OE', 'Speak now Taylor Swift lyrics'),
('q5SG7U76tls', 'Pitbull - Get It Started ft. Shakira'),
('Q65KZIqay4E', 'God Bless the U.S.A. by Lee Greenwood'),
('q6f-LLM1H6U', 'AOA -   (Miniskirt) M/V'),
('Q8XkLrErSHw', 'Kenny Chesney - You And Tequila ft. Grace Potter'),
('Q8yLwuDi2mA', 'The Head and the Heart - Rivers and Roads [LIVE PERFORMANCE VIDEO]'),
('QAniOB1Ts4k', 'Enchanted - Carrie Underwood - Ever Ever After'),
('qAZmHrtloD8', 'The Mob Song - Beauty and the Beast  (hd)'),
('qCqaGY6-rwo', 'The Head and the Heart - My Friends'),
('QCXiUC12YnA', 'Luke Bryan - Country Man'),
('qDc_5zpBj7s', 'Meghan Trainor - Lips Are Movin'),
('qdflARH06dY', 'Kasey Chambers - Not Pretty Enough (Video)'),
('qdySinddDHw', 'Melendi - Cheque al portamor (Videoclip oficial)'),
('QdYwC7TiNO0', 'The Avett Brothers - Smoke In Our Lights'),
('qebEy8p6pAY', 'Brett Eldredge - Beat of the Music (Official Music Video)'),
('qeMFqkcPYcg', 'Eurythmics - Sweet Dreams (Are Made Of This) (Official Video)'),
('qEVaP3csT1w', 'Elton John - Something About The Way You Look Tonight'),
('qExd-3oCTl4', 'Carlos Baute - Colgando en tus manos (con Marta Sanchez)'),
('QeYSqZPzwr8', 'The Avett Brothers - Head Full Of Doubt/Road Full Of Promise'),
('QFs3PIZb3js', 'Romeo Santos - Propuesta Indecente'),
('qGEubdH8m0s', 'Dolly Parton - Jolene (High Quality) sound'),
('QGJuMBdaqIw', 'Katy Perry - Firework'),
('qHagigQRKqU', 'Alicia Keys - Empire State Of Mind (Part II) Broken Down LIVE @ AOL Sessions'),
('qHm9MG9xw1o', 'OneRepublic - Secrets'),
('qi5nE4cPFAQ', 'Rodney Atkins - Farmer''s Daughter (Official)'),
('qjHlgrGsLWQ', 'Simple Plan - Summer Paradise ft. Sean Paul (Official Video)'),
('qJJog4BJrUw', 'Aladdin - A Whole New World (1080p)'),
('QJO3ROT-A4E', 'One Direction - What Makes You Beautiful'),
('QK8mJJJvaes', 'MACKLEMORE & RYAN LEWIS - THRIFT SHOP FEAT. WANZ (OFFICIAL VIDEO)'),
('qkCSWr9Q-5M', 'Elton John - Philadelphia Freedom'),
('qKU-_AsG6mE', 'Jungle Cubs Second Opening'),
('qLSWT2UwJ-g', 'Barack Obama Singing Do What U Want by Lady Gaga'),
('QLvvkTbHjHI', 'The Nightmare Before Christmas - What''s This (Lyrics)'),
('qM1YMeDsc-M', 'Owl City - When Can I See You Again? (From Wreck it Ralph)'),
('qMxX-QOV9tI', 'Jessie J - Price Tag ft. B.o.B'),
('QnIVmqTds9o', 'The Avett Brothers - St. Joseph''s (Album Version)'),
('qogVHlmFcx0', 'Waylon Jennings - Dukes Of Hazzard "Good Ol'' Boys" Theme Song'),
('Qok9Ialei4c', 'The Killers - Miss Atomic Bomb'),
('qokXWHEViVc', 'Hercules - A star is born (english) HD'),
('QOowQeKyNkQ', 'Chris Brown - Don''t Wake Me Up'),
('QoR2Oax82kY', 'Miranda Lambert - White Liar'),
('qpgTC9MDx1o', 'Maroon 5 - Animals'),
('qQ71RWJhS_M', 'Casting Crowns - Thrive (Official Lyric Video)'),
('qQkBeOisNM0', 'Fun.: Some Nights [OFFICIAL VIDEO]'),
('qQrgto184Tk', 'Imagine Dragons - Shots'),
('QrM39m22jH4', 'Dierks Bentley - Drunk On A Plane'),
('qrO4YZeyl0I', 'Lady Gaga - Bad Romance'),
('QrOe2h9RtWI', 'Beyonc, Shakira - Beautiful Liar'),
('QsRMlR0CUt8', 'Dustin Lynch - Where It''s At'),
('Qt2mbGP6vFI', 'Phil Collins - Another Day In Paradise'),
('qt7ox1M_XG4', 'Of Monsters And Men - Mountain Sound (Official Lyric Video)'),
('Qti2X20w_gA', 'Fifth Harmony - Miss Movin'' On'),
('qUNR97ko_U8', 'Elton John  - Crocodile Rock'),
('quSKBCJP4YU', 'Dr. John ~ Cruella De Vil (Official Music Video)'),
('QUwxKWT6m7U', 'Taylor Swift - Back To December'),
('qUyTbowIs6A', 'Pretty Girl from Chile - The Avett Brothers @ HOB Chicago'),
('qV5lzRHrGeg', 'Carly Rae Jepsen - I Really Like You'),
('QWEUuY5iMzI', 'Taylor Swift - Stay, Stay, Stay (Onscreen Lyrics)'),
('Qx7M4J7z3Pk', 'HA-ASH - Qu hago Yo?'),
('QxJ2K-mJ0tY', 'The Avett Brothers-"I Killed Sally''s Lover"'),
('QZ5VZT3vZng', 'Alejandro Fernndez - El mismo sol [Tema oficial de los Juegos Panamericanos Guadalajara 2011]'),
('qzU9OrZlKb8', 'Britney Spears - Till The World Ends'),
('QzvGKas5RsU', 'Tinie Tempah - Pass Out'),
('q_gfD3nvh-8', 'Girls'' Generation() _ RunDevilRun() _ MusicVideo'),
('r1Fz-SKXOEE', 'The Avett Brothers - Die Then Grow (new song)'),
('r1gTdbL83e4', 'Brantley Gilbert - Take It Outside featuring The True American Bad Ass'),
('R3BA7OXI8CA', 'The Avett Brothers - Salvation Song'),
('R4em3LKQCAQ', 'Justin Bieber - As Long As You Love Me ft. Big Sean'),
('r5yaoMjaAmE', 'Christina Perri - Human [Official Video]'),
('r7p5ZgdN0KA', 'Deleted video'),
('R7UrFYvl5TE', 'Kelly Clarkson - Since U Been Gone'),
('Ra-Om7UMSJc', 'Kelly Clarkson - Because Of You'),
('raNGeq3_DtM', 'Foreigner - ''I Want To Know What Love Is'' [Official Music Video]'),
('RB-RcX5DS5A', 'Coldplay - The Scientist'),
('rB7ONnfIjaI', 'Miranda Lambert - Kerosene'),
('rbIfI-8iYuA', 'Miranda Lambert - Platinum (Audio)'),
('RbOqbrqWNOQ', 'The Avett Brothers - Head Full of Doubt/Road Full of Promise [HQ]'),
('RbtPXFlZlHg', 'Jason Derulo - "Talk Dirty" feat. 2 Chainz (Official HD Music Video)'),
('RBumgq5yVrA', 'Passenger - Let Her Go [Official Video]'),
('RbW08aKDoQ4', 'The Avett Brothers - Murder in the City'),
('Rc5zUX78-CA', 'The Head and The Heart - Ghosts - Van Session'),
('RdEj0qd5fO4', 'Sorry Man - The Avett Brothers'),
('RdIQJ35Ej58', 'Kris Kristofferson~ Help Me Make It Through The Night'),
('RdsZT7WKjW8', 'A Very Merry Unbirthday to You! (yes, you)'),
('reAjlYM2Vy0', 'Recess - Intro'),
('rek_Cxrc1pE', 'Eric Church - Talladega'),
('RF0HhrwIwp0', 'Kings Of Leon - Sex on Fire'),
('RFhm-TsmuPw', 'Jon Secada and Shanice - if i never knew you'),
('RgEo_sxwZ8g', 'Taio Cruz - There She Goes'),
('RgKAFK5djSk', 'Wiz Khalifa - See You Again ft. Charlie Puth [Official Video] Furious 7 Soundtrack'),
('RhoevrOkaow', 'Crystal Shawanda - You Can Let Go'),
('riUA1khxs68', 'The Court of Miracles (HQ)'),
('RIZdjT1472Y', 'The Killers - Human'),
('rKFx0MMqb48', 'Kid Rock - Picture ft. Sheryl Crow [Official Video]'),
('rKPSelEFjZU', 'We''re Merrily On Our Way - Wind and the Willows'),
('rkVM4AxzxCE', 'The Avett Brothers - February Seven'),
('RM5aW83L_DE', 'Luke Bryan - Drink A Beer'),
('rMqayQ-U74s', 'Britney Spears - Womanizer (Director''s Cut)'),
('RNOTF-znQyw', 'John Denver - Annie''s Song'),
('rp4UwPZfRis', 'Rihanna - Unfaithful'),
('RPF1mKzyNqc', 'Massivedrum - Fofo (Original Mix) (J.Summer Party Hits 2012)'),
('RPILrZTBedY', 'Keith Urban - Somewhere In My Car'),
('RPSGRd3eLuA', 'Hercules - The Gospel Truth (HD)'),
('Rq08Mc4eLbw', 'Scott Avett sings "November Blue"'),
('Rq86f7Zddn0', 'Adventures of the Gummi Bears Intro'),
('Rr5kSrJnvyM', 'Conchita Wurst Rise Like a Phoenix - Austria Eurovision Song Contest Winner'),
('rRJ0lpu6XaU', 'Tim McGraw My Best Friend Lyrics'),
('Rs38lKxmtI4', 'Lady Antebellum - I Run To You'),
('rS4-2t7xIMY', 'The Avett Brothers,"Traveling Song"'),
('rs5f8CYyLBo', '"Good Time" Line Dance Instruction Video'),
('rSOzN0eihsE', 'Akon - Beautiful ft. Colby O''Donis, Kardinal Offishall'),
('rtOvBOTyX00', 'Christina Perri - A Thousand Years [Official Music Video]'),
('ruNrdmjcNTc', 'Courtesy Of The Red, White And Blue (The Angry American)'),
('ruyaKdPfTN4', 'Hunter Hayes - "Wanted" (Official Video)'),
('RV-Z1YwaOiw', 'Lee Ann Womack - I Hope You Dance'),
('Rvq7R9dwJ3U', 'Ludmilla - Hoje (Clipe Oficial)'),
('RwD4eJGxPc4', 'Little Mix - Move'),
('rYEDA3JcQqw', 'Adele - Rolling in the Deep'),
('RYKnP-6cDWE', 'Frankie Ballard - "Sunshine & Whiskey" (Official Video)'),
('RyrYgCvxBUg', 'Tangled - I See The Light  - Mandy Moore'),
('ryy1FPFPc2Y', 'The Avett Brothers- Kick Drum hEART (LYRICS ON SCREEN)'),
('rzy2wZSg5ZM', 'Edith Piaf - Non, je ne regrette rien (Officiel) [Live Version]'),
('r_8ydghbGSg', 'Demi Lovato - Skyscraper'),
('r_DVyJh0ngo', 'George Strait - All My Ex''s Live In Texas (K-rose) San Andreas'),
('R_N8skhI9s0', 'Cars song Life could be dream'),
('S-Ac3uVAPZY', 'Dan + Shay - 19 You + Me (Official Music Video)'),
('S-FUcrQhTBY', 'Bambi - Little April shower (English)'),
('s-zRAQmKUkI', 'Trouble Maker ''Trouble Maker'' M/V'),
('S07nAJl9g3c', 'The Avett Brothers- "Pretty Girl From Michigan" Chattanooga, TN'),
('s17XDrKuqc4', 'Hans Zimmer - He''s a Pirate'),
('s1JjxrvaxJM', 'Taylor Swift-Today Was A Fairytale (with lyrics)'),
('S2Cti12XBw4', 'Maroon 5 - Sunday Morning'),
('s35puUhqQJc', 'When I see an Elephant Fly'),
('S39dHg7ag7Y', 'Selena Gomez - Cruella De Vil (from "101 Dalmatians")'),
('s4h53M2bxio', 'The Avett Brothers-Pretty girl from Annapolis'),
('S4WvK442P6U', 'KENNY ROGERS - THROUGH THE YEARS [w/ lyrics]'),
('s5h5rDGIp9k', 'The Avett Brothers Gimmeakiss (electric)'),
('s6b33PTbGxk', 'Britney Spears - Criminal'),
('s8cbak34DR0', 'Karmin - Brokenhearted'),
('S9ZbuIRPwFg', 'Big & Rich - Save A Horse [Ride A Cowboy] (Video)'),
('sAebYQgy4n4', 'Maroon 5 - Makes Me Wonder'),
('SbUBMklQSVU', 'Sean Paul - She Doesn''t Mind [Official Music Video]'),
('SBVR_pjaRgM', 'The Shins - Sleeping Lessons (Live On Letterman)'),
('Sco_eBvXGTQ', 'David Allan Coe - You Never Even Called Me By My Name'),
('SDZwBjJQ3ZA', 'Reba McEntire - Going Out Like That'),
('sehDM4ZpK5k', 'Nina Sky Vlog: Major Lazer Video Shoot Vlog *Twitter Edition'),
('sEhy-RXkNo0', 'Rihanna - Man Down'),
('SeIJmciN8mo', 'Nicki Minaj - Starships (Explicit)'),
('sestSq6hRHI', 'The Baseballs - Umbrella (HQ)'),
('sfjon-ZTqzU', 'Janis Joplin - Me And Bobby McGee'),
('SfmAzoILaK8', 'Alice In Wonderland - Painting The Roses Red'),
('sFnGYHttluo', 'Kick Drum Heart - I and Love and You, 7/13'),
('ShlW5plD_40', 'Meghan Trainor - Dear Future Husband'),
('ShZsCZiK7UY', 'The Avett Brothers - If It''s The Beaches (with lyrics)'),
('simluktxT5c', 'Luan Santana - O nosso tempo  hoje (Oficial) - Novo DVD 2013'),
('sixoYaY7hpI', 'Home on the Range - Little Patch of Heaven (HD)'),
('skAOb_EUE_M', 'Little Big Town - Boondocks'),
('SLOYfFGrapY', 'The Shins - Port Of Morrow (Live On Letterman)'),
('SLzbujMgirQ', 'Ghosts -- Song by The Head And The Heart // Animation by Ottilie'),
('SmM0653YvXU', 'Pitbull - Rain Over Me ft. Marc Anthony'),
('sMPNjPpdjKU', 'Jace Everett - Bad Things'),
('SMsJpG_Do7I', 'Avett Brothers Talk On Indolence'),
('SN1gi8oq74g', 'Olivia Newton John - Hopelessly Devoted To You (Grease)'),
('snFhcHHdzT0', 'Reik - Creo en Ti'),
('sOnqjkJTMaA', 'Michael Jackson - Thriller'),
('sPhG-NzZKAY', 'Offering - The Avett Brothers'),
('sPhhZg9v9NU', 'Priyanka Chopra - Exotic ft. Pitbull'),
('spS5C0T3JYU', 'Barack Obama Singing Boyfriend by Justin Bieber'),
('SpTNOD_WhN0', 'Johnny Cash & The Avett Brothers - One Too Many Mornings'),
('sQgd6MccwZc', 'Destiny''s Child - Say My Name (Official Video)'),
('SR6iYWJxHqs', 'Bruno Mars - Grenade [OFFICIAL VIDEO]'),
('SRy2AURiEQo', 'The Avett Brothers - Paranoia in BB Major'),
('SSCzDykng4g', 'Echosmith - Cool Kids [Official Music Video]'),
('sSjHBKLgojo', 'Brave Touch the sky (Video) HD'),
('sSN4ybN0jzg', 'Restless Heart - When She Cries'),
('SuFScoO4tb0', 'Billy Joel - Honesty'),
('Sv6dMFF_yts', 'Fun.: We Are Young ft. Janelle Mone [OFFICIAL VIDEO]'),
('sVqSj1cxrJM', 'Alice in Wonderland OST - 01 - Main Title (Alice in Wondlerland)'),
('swRJeMsk21g', 'Good Hearted Woman Waylon Jennings and Willie Nelson'),
('sXd2WxoOP5g', 'Avril Lavigne - Here''s to Never Growing Up'),
('SxEINSBsbeo', 'Rizzle Kicks - Mama Do The Hump Official Video'),
('SXKlJuO07eM', 'Jodi Benson - Part of Your World (From "The Little Mermaid")'),
('SY5AJAaIyT4', 'Ratatouille - Le Festin clip'),
('syFZfO_wfMQ', 'One Direction - Night Changes'),
('SYM-RJwSGQ8', 'Tove Lo - Habits (Stay High) - Hippie Sabotage Remix'),
('syxd2n8S4AE', 'Jessie J - Laserlight ft. David Guetta'),
('sZTpLvsYYHw', 'The Killers - All These Things That I''ve Done'),
('S_E2EHVxNAE', 'Richard Marx - Right Here Waiting'),
('s_Ltp3XS1t8', 'Hercules - Go the Distance (Reprise) (HD)'),
('t-njAuS7eTQ', 'Bridgit Mendler - Hurricane (Official Video)'),
('T0eSpAgqrWo', 'The Avett Brothers - I And Love And You'),
('T1pMmg4_FWU', 'Jerrod Niemann - Drink to That All Night'),
('t2y1wtum9Ww', 'Brantley Gilbert- Halfway to Heaven (Lyrics)'),
('T4cdfRohhcg', 'One Direction - Kiss You (Official)'),
('t4H_Zoh7G5A', 'Jennifer Lopez - On The Floor ft. Pitbull'),
('t5Sd5c4o9UM', 'Katy Perry - E.T. ft. Kanye West'),
('t5XNWFw5HVw', 'Usher - Burn'),
('t5zQ8xrOo3E', 'Chris Brown - You (Exclusive)'),
('T8gOh0wEgLg', 'YouTube   Walt Disney   Fantasia   Mickey The Sorcerer''s Apprentice'),
('tA8AfQaUnXM', 'Ella Henderson - Ghost'),
('tAp9BKosZXs', 'Katy Perry - I Kissed A Girl'),
('TapXs54Ah3E', 'J. Balvin - Ay Vamos'),
('Tb75RjpvBIk', 'The sword in the stone - Higitus Figitus'),
('tBRh9rzqvdI', 'The Fox and the Hound (1981) - Best of Friends'),
('Tcp9z0gyXtc', 'Life''s Incredible Again - 6'),
('tdGzzfQ52TQ', 'Billy Joel - Easy Money (Audio)'),
('TdrL3QxjyVw', 'Lana Del Rey - Summertime Sadness'),
('tdsJI8Wc2D4', 'Garth Brooks - The Thunder Rolls (With Lyrics And Pics)'),
('Tff2oE31Mlw', 'Chris Brown - Love More (Explicit) ft. Nicki Minaj'),
('TfhuAWGscvg', 'Rob Thomas - Little Wonders with Lyrics (HD) Official'),
('tfq-PtXpq1s', 'Tarzan : Two Worlds (Reprise)'),
('tg00YEETFzg', 'Rihanna - We Found Love ft. Calvin Harris'),
('TG5X4kOjEX8', 'The Killers - For Reasons Unknown'),
('TGDXTZFleHQ', 'Hans Zimmer - Lion King - This Land'),
('TGtWWb9emYI', 'We Are One (Ole Ola) [The Official 2014 FIFA World Cup Song] (Olodum Mix)'),
('TGx0rApSk6w', 'OneRepublic - If I Lose Myself'),
('TjDx6khlyoM', 'The Avett Brothers - Complainted''vn Matelot Mourant'),
('TKFmRK8tzFs', 'The Avett Brothers- Tale of Coming News'),
('tl1uv6gB4hE', 'RaeLynn - God Made Girls'),
('tLcfAnN2QgY', 'Enrique Iglesias - El Perdedor (Pop) ft. Marco Antonio Sols'),
('tlCkafSYNJI', 'Of Monsters and Men - I Of The Storm (Official Lyric Video)'),
('tlYcUqEPN58', 'Ed Sheeran - Sing [Official Video]'),
('Tm88QAI8I5A', 'Zaz - Je Veux'),
('TMbyWSGYUgc', 'The Killers - Runaways'),
('TNpLSaCirj8', 'Waylon Jennings - Are You Sure Hank Done It This Way'),
('TnUUgy0zPkM', 'The Head and the Heart - Sounds Like Hallelujah'),
('To8peENgvHI', 'Brother Bear Great Spirits'),
('TOrnUquxtwA', 'Justin Timberlake - What Goes Around...Comes Around'),
('tov22NtCMC4', 'Mariah Carey - Vision Of Love'),
('TPFRqIZbd9U', 'Avett Brothers-Find my love'),
('tqaHBfBSSuc', 'Monsters, Inc. "Put that thing back where it came from, or so help me!"'),
('TQK0d72Jom8', 'Miranda Lambert - Little Red Wagon'),
('tQmEd_UeeIk', 'Avril Lavigne - What The Hell'),
('TR3Vdo5etCQ', 'No Doubt - Don''t Speak'),
('tRFHXMQP-QU', 'Supercalifragilisticexpialidocious (from "Mary Poppins") - Julie Andrews, Dick Van Dyke'),
('TSNerxNwWtU', 'David Guetta - I Can Only Imagine ft. Chris Brown, Lil Wayne (Official Video)'),
('TTA2buWlNyM', 'Alan Jackson - Remember When'),
('TtArla7PVsM', 'Tim McGraw - Lookin'' For That Girl'),
('TtCXUFImZYE', 'Frozen - Love Is an Open Door (HD)'),
('ttdU19Kwce8', 'P-Square - Personally'),
('ttggMJeUAo4', 'Dixie Chicks - You Were Mine'),
('tVNGY1pInfI', 'The Killers - Tranquilize ft. Lou Reed'),
('TwrWFOluAo8', 'Mariah Carey - Almost Home'),
('twZ9LTYjcDs', 'Toy Story 3 - We Belong Together (Randy Newman)'),
('TXbHShUnwxY', 'An Unusual Prince/Once Upon a Dream (From "Sleeping Beauty")'),
('txj6ROnIUIo', 'DuckTales Theme Song With Real Ducks'),
('tXtATeQ7GKg', 'La Roux - In For The Kill'),
('TZBrBJseyv0', 'Rodney Atkins - It''s America (Official Music Video)'),
('tzCbCuAzgNw', 'August Alsina - I Luv This Shit (Explicit) ft. Trinidad James'),
('T_igmjEB560', 'Florida Georgia Line - Stay'),
('U-PXEe-qeK4', 'Zara Larsson - Uncover (Official)'),
('u-Ra7nwZRN4', 'Happy Working Song - Enchanted'),
('U0CGsw6h60k', 'Rihanna - What''s My Name? ft. Drake'),
('u0fk6syQ7iY', 'Labrinth - Earthquake ft. Tinie Tempah'),
('u2V4UUjYBsA', 'Hank Williams jr - Whiskey Bent And Hell Bound'),
('U3NoDEu7kpg', 'The hunchback of notre dame - Hellfire HD'),
('u3u22OYqFGo', 'Iggy Azalea - Black Widow ft. Rita Ora'),
('U5rLz5AZBIA', 'Timbaland - The Way I Are ft. Keri Hilson, D.O.E., Sebastian'),
('u5Wicw54mOI', 'Seth Avett sings, I Flew Over Our House by Tom T. Hall'),
('U7jqM1bOG7g', 'Tin Man - The Avett Brothers'),
('U8gmlu9YYj0', 'DCONSTRUCTED - You''ve Got A Friend In Me (from "Toy Story") (Alfred Montejano Hyper Remix)'),
('U8TsAh-zYFI', 'Glen Campbell - I''m Not Gonna Miss You'),
('U8UX2bbCHJw', 'Nick Jonas - Chains'),
('u9OKO1pyOlk', 'Luke Bryan - Spring Breakdown'),
('U9QWvdg4_KU', 'The Avett Brothers - Distraction #74'),
('UAWcs5H-qgQ', 'Ed Sheeran - The A Team [Official Video]'),
('ubKUP8c0FHE', 'George Jones - He Stopped Loving Her Today'),
('UbQhKxxrq04', 'Eminem - No Love ft. Lil Wayne'),
('UbxUSsFXYo4', 'Dolly Parton - 9 To 5'),
('UCZBAZjfkRU', 'The Avett Brothers- Pretty Girl From Locust [HD]'),
('udqJfHGsD5c', 'Avett Brothers "If It''s the Beaches" Red Rocks Amphitheater, Morrison, CO. 07.06.13'),
('Uec64aNZMl8', 'Avett Brothers Famous Flower of Manhattan'),
('uelHwf8o7_U', 'Eminem - Love The Way You Lie ft. Rihanna'),
('UExzmnZLPdI', 'The Avett Brothers - Pretty Girl from Chile'),
('UFgXcNSspzA', 'The Avett Brothers - Down With the Shine (Bing Lounge)'),
('UfTieVPjN7E', 'Where Do I Go From Here (English)'),
('uFz61X2PQTw', 'Josh Turner - Would You Go With Me'),
('UG8UBMTnBOo', 'Alice in Wonderland - Very good advice'),
('uGpqV-sbBLM', 'Elton John   Sacrifice'),
('ugsvN-tJSrI', 'The Head and the Heart - Lost in My Mind (not the video)'),
('UhQz-0QVmQ0', 'Wiz Khalifa - Roll Up [Official Music Video]'),
('uHZJej98_T0', 'Jerry Reed - East Bound and Down'),
('uJNvZRAmeqY', 'Tangled - Mother Knows Best (Reprise) (HD)'),
('UJtB55MaoD0', 'Jessie J - Domino'),
('ujTCZgPr5MA', 'Jimmy Cliff / Lebo M - Hakuna Matata (Lion King Soundtrack)'),
('uJXKvOvgias', 'Elton John - Tiny Dancer'),
('uk-5nSPCZqs', 'Desireless - Voyage'),
('UkLp4S-x5b4', 'Billy Currington - Don''t It'),
('uM0hfb69eus', 'CONDORMAN SOUNDTRACK - MAIN TITLE'),
('un3dliDmtWI', 'Chris Young - Lonely Eyes (Audio)'),
('UNjkuHQGa2w', 'Madam Mim (English)'),
('uNkDNy0bDfM', 'Seth & Scott Avett sing, "ten thousand words"'),
('uNkF_ZpQ4eg', 'David Lee Murphy - Dust On The Bottle'),
('UoJxBEQRLd0', 'Rene Auberjonois - Les Poissons (From "The Little Mermaid")'),
('UoKvUYbGu7A', 'Merle Haggard, Willie Nelson - Pancho and Lefty'),
('UoUmyY6CQRo', 'Los Del Rio - Macarena'),
('Up06CryWQpE', 'Deana Carter - Strawberry Wine'),
('uPoH6p2lTXs', 'Tracy Chapman- Fast Car Lyrics.'),
('UpsKGvPjAgw', 'One Direction - Steal My Girl'),
('uQ0ODCMC6xs', 'Beauty and the Beast - Tale As Old As Time [HD]'),
('UrIiLvg58SY', 'Extreme - More Than Words'),
('uRN295PsjiI', 'The Many Adventures of Winnie the Pooh - A Little Black Rain Cloud'),
('uRyRymflxtU', 'Of Monsters And Men - Slow And Steady (Official Lyric Video)'),
('uSD4vsh1zDA', 'The Black Eyed Peas - I Gotta Feeling'),
('usGv0gB2zEU', 'Eric Church - Drink In My Hand'),
('uT4ySwoh27Q', 'The Emperor''s New Groove Opening Song (Perfect World)'),
('UumRkksN-LE', 'Miranda Lambert - More Like Her'),
('UUS6H8ls8Lw', 'Scott & Seth Avett sing,"rollin'' in my sweet baby''s arms"'),
('uuwfgXD8qV8', 'Katy Perry - Part Of Me'),
('uuZE_IRwLNI', 'Justin Timberlake - Mirrors'),
('uVpQqdBzAcU', 'Chase Rice  Ready, Set, Lets Roll'),
('UwleDNQGpTk', 'Brett Eldredge - Mean To Me (Official Video)'),
('uWu4aynBK7E', 'Kenny Chesney - She Thinks My Tractor''s Sexy'),
('V0O0nzkESTI', 'Little Big Town - Pontoon'),
('v2CUJ3DoxYk', 'Randy Houser - Like a Cowboy (Lyric Video)'),
('v3I5iNsDQI8', 'The Head and the Heart - "Another Story" Music Video Prevew (Pt I)'),
('v4XtBiWgXLE', 'Alan Jackson & Jimmy Buffett - Margaritaville'),
('v5dQkgFg1ow', 'Bambi Soundtrack: Main Title/Love is a Song'),
('v8Nhmr0YbfY', 'Elton John  - Bennie And The Jets'),
('V9EdbZ6WjOA', 'The Avett Brothers - Go To Sleep'),
('v9uDwppN5-w', 'Demi Lovato - Neon Lights (Official)'),
('v9vg_7-tZNc', 'SNSD - Genie (Dance ver. with KOR. Audio)'),
('Va00H7zmtPk', 'Slight Figure Of Speech - I and Love and You, 11/13'),
('vANZfQ1bTAk', 'Deleted video'),
('vBErCVNP6rM', 'Brad Paisley - Little Moments'),
('VBmMU_iwe6U', 'Beyonc - Run the World (Girls)'),
('VCH5dp0PxsY', 'Hercules - One Last Hope (HD)'),
('VCLxJd1d84s', 'The Pussycat Dolls - Buttons ft. Snoop Dogg'),
('VcNLuH1XWfI', 'Sailing For Adventure (1996)'),
('vd2fY2QVF70', 'The Head and the Heart - Heaven Go Easy On Me'),
('vddEvqS6M4o', 'Randy Newmen I will Go Sailing No More 720p'),
('VddGVuvSdl0', 'Avett Brothers- Denouncing November Blue'),
('VdQY7BusJNU', 'Cyndi Lauper - Time After Time'),
('vdrqA93sW-8', 'Nicki Minaj - Pound The Alarm (Explicit)'),
('VecunpIqlg0', 'Gentle On My Mind , Glen Campbell , 1967 Vinyl'),
('Vef03k5i8VI', 'Neil Young - Old Man - Live at Massey Hall'),
('VGbsrrkZm1s', 'Pete''s Dragon - Candle on the Water'),
('VGI6VZ8osww', 'Tyler Farr - Damn Good Friends (Audio)'),
('vgJizpATOEI', 'Disney''s "Peter Pan" - A Pirate''s Life'),
('vGJTaP6anOU', 'Elvis Presley - Can''t Help Falling In Love (Audio)'),
('VH3EzMhDJE8', 'DWIGHT YOAKAM- SECOND HAN HEART'),
('VHTxx1in1ro', 'Barack and Michelle Obama Singing It''s All Good by Ne-Yo and Cher Lloyd'),
('vIaH35-MLsk', 'Akon - Right Now (Na Na Na)'),
('VjxY7xmhJ6o', 'Tom Jones-Green Green Grass of Home'),
('VJYfUS96f6w', 'Rufus Chaka Khan - Ain''t Nobody official music video'),
('vlfA6XqtoW8', 'The Avett Brothers - Pretty Girl From Cedar Lane (with lyrics) - HD'),
('vLkp_Dx6VdI', 'Mary Poppins - A Spoonful Of Sugar (from "Mary Poppins")'),
('VMmc1cR_zLA', 'Canaan Smith - Love You Like That (Audio)'),
('vNf7uPaaR1g', 'The Head and The Heart - Gone'),
('VNKuARjkWEg', 'Bibbidi-Bobbidi-Boo (from Cinderella)'),
('vNoKguSdy4Y', 'Taylor Swift - I Knew You Were Trouble'),
('vP03ysPvfvc', 'Just to See You Smile Lyrics By Tim McGraw'),
('VPRjCeoBqrI', 'Coldplay - A Sky Full Of Stars (Official video)'),
('VQ5isLBu_To', 'The Avett Brothers perform "The Weight of Lies" - An Exclusive G&G Video'),
('VRuoR--LdqQ', 'will.i.am - Feelin'' Myself ft. Miley Cyrus, Wiz Khalifa, French Montana'),
('VT1-sitWRtY', 'Avril Lavigne - Wish You Were Here'),
('vTnWFT3DvVA', 'Carrie Underwood - See You Again'),
('vuha_SUwoBU', 'Chase Rice - Gonna Wanna Tonight'),
('VuNIsY6JdUw', 'Taylor Swift - You Belong With Me'),
('vUSzL2leaFM', 'Eric Clapton - Wonderful Tonight (Official Live Video)'),
('VV1XWJN3nJo', 'Natalie Imbruglia - Torn (Official Video)'),
('VwgCBRj3dn4', 'Jake Owen - Beachin'''),
('vy2Ov4xYR3Y', 'Johnny Cash - Ring of Fire - Country Music Experience'),
('vyDRbx8nWFg', 'Avril Lavigne - Official ''Alice (Underground)'' Music Video (HQ)'),
('Vysgv7qVYTo', 'Taio Cruz - Dynamite'),
('vyzW6zUm0JE', 'Jon Stevens - Fly (from "Planes")'),
('VZC_wkIW4U4', 'Jason Aldean - Hicktown'),
('v_yTphvyiPU', 'Lady Antebellum - Just A Kiss'),
('W-TE_Ys4iwM', 'One Direction - Story of My Life'),
('W-w3WfgpcGg', 'Bruno Mars - It Will Rain [OFFICIAL VIDEO]'),
('w0ZHlp6atUQ', 'Phil Collins - You''ll Be In My Heart'),
('W10EJnhrkv8', 'Cole Swindell - Hope You Get Lonely Tonight'),
('W1GZzucDMlQ', 'Jason Aldean - Fly over States'),
('W1jc2fPiuBQ', '09. Reunited (score) - Homeward Bound: The Incredible Journey OST'),
('w1oM3kQpXRo', 'Taylor Swift - Everything Has Changed ft. Ed Sheeran'),
('w1vNtmh1SqU', 'Anitta - Na Batida (Clipe Oficial)'),
('W6ehBjmnVsg', 'The Head and the Heart - Gone'),
('W6pAiwbFQ4s', 'True To Your Heart By 98 Degrees and Stevie Wonder'),
('WA4iX5D9Z64', 'Taylor Swift - We Are Never Ever Getting Back Together'),
('WaSy8yy-mr8', 'Carrie Underwood - Before He Cheats'),
('waU75jdUnYw', 'Earned It (Fifty Shades Of Grey) (From The "Fifty Shades Of Grey" Soundtrack) (Explicit...'),
('WBKnpyoFEBo', 'Jordin Sparks, Chris Brown - No Air (Official Video) ft. Chris Brown'),
('wbVlGESh9Mc', '[HD]Tangled - I''ve Got A Dream'),
('WcBnJw-H2wQ', 'The Beatles - Let It Be Lyrics'),
('wccRif2DaGs', 'Billy Joel - Vienna (Audio)'),
('wcLNteez3c4', 'PSY (ft. HYUNA)    '),
('weRHyjj34ZE', 'Shakira - Whenever, Wherever'),
('wFBgHDTxmkY', 'Elton John  - True Love With Kiki Dee'),
('WiAQmImx7nM', 'The Legend of Tarzan intro'),
('wJRXz1hXNn0', 'Chip n Dale Rescue Rangers - Opening'),
('WKFcPnxeyWI', 'Scotty McCreery - Feelin'' It'),
('wKfht-aynTY', 'Barack Obama Singing Deck the Halls'),
('wmHjOCZw43U', 'Jana Kramer - Whiskey (Official Video)'),
('wmoR82v6G5o', 'For The First Time In Forever (from "Frozen") - Kristen Bell, Idina Menzel'),
('Wmr0_Dc5zo4', 'The Head and the Heart - "Honey Come Home"'),
('wn-7jpGEa9U', 'Paula Fernandes - Pra Voc'),
('WNIPqafd4As', 'Cline Dion - My Heart Will Go On'),
('wNlpuD42_BM', 'Beauty and the Beast - Gaston (HD)'),
('WO4wcNVbYOQ', 'Lynn Anderson -- Rose Garden'),
('WOHPuY88Ry4', 'Johnny Cash - A Boy Named Sue'),
('WpBeGJjGMNs', 'Demi Lovato - This Is Me (Official Video)'),
('WPcASvgb7yg', 'Rascal Flatts - Rewind'),
('wq7ftOZBy0E', 'Girls'' Generation _I GOT A BOY_Music Video'),
('wrbKvxGgFfg', 'The Killers - Shadowplay'),
('wRFe-4kfJpQ', 'The Perfect Space- Avett Brothers'),
('wrNTOo4KH8c', 'Ellie Goulding - Beating Heart'),
('wrwKitR_TFc', 'Ill With Want - I and Love and You, 9/13'),
('wSnx4V_RewE', 'Barack Obama Singing Uptown Funk by Mark Ronson (ft. Bruno Mars)'),
('WtfHk2hSlqA', 'Chris Isaak Wicked Game'),
('wtVeDaZxAXo', 'George Strait - Amarillo By Morning'),
('wuTU6jIIyiI', ' -  OFFICIAL MV'),
('wuvtoyVi7vY', 'Phil Collins - Against All Odds (Take A Look At Me Now)'),
('wV1FrqwZyKw', 'Lady Gaga - Born This Way'),
('wVyggTKDcOE', 'James Blunt - Goodbye My Lover [OFFICIAL VIDEO]'),
('wwCykGDEp7M', 'Christina Aguilera - Hurt'),
('WwRrKaq0IyY', 'Brad Paisley - I''m Gonna Miss Her'),
('WxK2x9-KPoE', 'Barack Obama Singing Problem by Ariana Grande'),
('wXUloVYbchg', 'Of Monsters And Men - Your Bones (Official Lyric Video)'),
('wyx6JDQCslE', 'LMFAO - Sexy and I Know It'),
('w_h2VHtFNa4', 'Disney''s Doug Intro (HQ)'),
('X2BYmmTI04I', '5 Seconds Of Summer - She Looks So Perfect'),
('X2F_DYA42NY', 'Deleted video'),
('X4YK-DEkvcw', 'The Killers - Shot At The Night'),
('x5XvT8NMI8g', 'Joe Nichols - Yeah'),
('X6NLgzKwyd4', 'Don''t You Wanna Stay |~| Multi-Fandom'),
('X75sVw0xH2c', 'John Michael Montgomery -  Letters from Home Official Music Video'),
('X7bHe--mp1g', 'Mumford & Sons - Little Lion Man'),
('X7R4O7vqB4Q', 'Taylor Swift - The Way I Loved You Lyrics'),
('x8A9Y1Dq_cQ', 'Willie Nelson with Ray Charles - Seven Spanish Angels'),
('x94m407UJSI', 'Talking To The Moon - Bruno Mars Lyrics'),
('x9N_SG1gnRw', 'The Head and the Heart - Josh McBride'),
('XAhTt60W7qo', 'Shakira - Loca (Spanish Version) ft. El Cata'),
('xB5ceAruYrI', 'The Lion King - Hakuna Matata (HD)'),
('XbWLawSrj08', 'Saksit Vejsupaporn - Love You'),
('XCC-c7B5-Aw', 'George Jones - Who''s Gonna Fill Their Shoes'),
('XdM2pD-oGZk', 'Poor Jack'),
('xeugznpGKPA', 'Sam Smith - Like I Can'),
('xfkkMHieqcI', 'The Little Mermaid - Poor Unfortunate Souls (1080p)'),
('xFrGuyw1V8s', 'Abba - Dancing Queen'),
('XFS0gtyyRP8', 'Johnny Cash - Tennessee flat top box with lyrics'),
('xGiBiHocSZM', 'Redfoo - New Thang (Official Video)'),
('xGPeNN9S0Fg', 'One Direction - Little Things'),
('XHrRxQVUFN4', 'Feed The Birds - Mary Poppins (Julie Andrews)'),
('xjoA4nYBD5U', 'The Head and the Heart - Lost in My Mind [OFFICIAL VIDEO]'),
('XjwZAa2EjKA', 'Katy Perry - Unconditionally (Official)'),
('xKCek6_dB0M', 'Taylor Swift - Teardrops On My Guitar'),
('XkU23m6yX04', 'Lion King Be Prepared 1080p HD'),
('xN4XpIbEY-Y', 'C.W. McCALL - CONVOY 1975 (Audio Enhanced)'),
('Xn676-fLq7I', 'Kelly Clarkson - Stronger (What Doesn''t Kill You)');
INSERT INTO `videos` (`video_id`, `title`) VALUES
('XnQbrGuNg3g', 'Incomplete and Insecure - I and Love and You, 13/13'),
('xNzwDGowebo', 'Crazier by Taylor Swift'),
('xP-Sxfntdb4', 'Kenny Chesney - There Goes My Life'),
('XPpTgCho5ZA', 'Maroon 5 - This Love'),
('xQNqaERUYy4', 'Kelly Clarkson - Invincible'),
('XQoANw4BYYE', 'November Blue -The Avett Brothers'),
('xrEzr-rWwe8', 'Unspoken - Start A Fire'),
('xRYU4cqUAUs', '"That''s How You Know" from Disney''s ENCHANTED (Full Clip)'),
('XSEcrcxUs7M', 'Taylor Swift - All Too Well (Lyrics) HD'),
('xSubBnIadpA', 'The Rescuers (1977) - Someone''s Waiting For You'),
('XtMy5IBmX7E', 'Billy Currington - Pretty Good At Drinkin'' Beer'),
('XUClIslXKZo', 'Of Monsters And Men - Crystals (Official Lyric Video)'),
('xuLGnsCyUQg', 'The Avett Brothers/I Love You Still.'),
('XUUjliDBAmk', 'Kygo - Firestone (Lyric Video) ft. Conrad Sewell'),
('xvaEJzoaYZk', 'Steve Earle - Copperhead Road'),
('xvdzOT3DKl0', 'Brother Bear - Look Through My Eyes'),
('XvtXgNtYFMs', 'Hunter Hayes - I Want Crazy (Official Music Video)'),
('XW-j71Rp7Y0', 'Jason Aldean - Just Gettin'' Started (Lyric)'),
('XxWjtWONuGc', 'Eric Church - Smoke A Little Smoke'),
('XybDZ9I9k4k', 'The Avett Brothers sing "Bella Donna"'),
('xz32I_GbpeU', 'My Wish'),
('xZjosn2u1gA', 'Blake Shelton - Honey Bee (Official Video)'),
('Y-FhDScM_2w', '(SoYou) X (JunggiGo) - (Some) feat.   (Lil Boi of Geeks) M/V'),
('Y0wEyf_7IMg', 'A lot Of Moving- Avett Brothers'),
('Y1hcc1QvM2Q', 'Elton John - Can You Feel The Love Tonight (High Quality)'),
('Y1xs_xPb46M', 'One Direction - One Thing'),
('Y3XyWhrZnqE', 'Romeo Santos - Promise ft. Usher'),
('Y4JfPlry-iQ', 'Fifth Harmony - BO$$ (BOSS)'),
('Y5fBdpreJiU', 'The Killers - Somebody Told Me'),
('y5ISTO6GiLk', 'Zac Brown Band - Sweet Annie (Official Video)'),
('Y66j_BUCBMY', 'American Authors - Best Day Of My Life'),
('y6Sxv-sUYtM', 'Pharrell Williams - Happy (Official Music Video)'),
('Y7xCFNRvHRg', 'Valentine-Martina McBride & Jim Brickman'),
('Y8HOfcYWZoo', 'Cline Dion - The Power Of Love (Official Video)'),
('Y8hti2R4CTY', 'Walt Disney''s The Rescuers: "The Journey" (Shelby Flint) [with Enhanced Color]'),
('Y9j5G-FdSpk', 'Sam Hunt - Raised On It'),
('y9OKiHzjCe0', 'Disclosure - Latch (Live at Coachella) ft. Sam Smith'),
('yaaHEVBNXA4', '"Shut up and drive" Rihanna Wreck it Ralph'),
('YbADVar8tjY', 'Melendi - Lgrimas desordenadas (Videoclip oficial)'),
('yBfcBVt6Etk', 'Zac Brown Band "Whatever It Is" Live From HOB New Orleans'),
('YBHQbu5rbdQ', 'Fifth Harmony - Worth It ft. Kid Ink'),
('yCC_b5WHLX0', 'Roxette - Listen To Your Heart'),
('yCl-3HfBeS8', 'Closing Night -The Avett Brothers'),
('yCMqcFAigRg', 'Taylor Swift - Picture To Burn'),
('yCmsZUN4r_s', 'Faith Hill - "Breathe" (Official Video)'),
('YCozYHhlme8', 'The Avett Brothers - Laundry Room - CARDINAL SESSIONS'),
('yCSMCgqlc-0', 'Lee Brice - I Drive Your Truck (Official Music Video)'),
('yd8jh9QYfEs', 'Rihanna - Don''t Stop The Music'),
('YDqMNWae2VQ', 'The Avett Brothers - Pretty Girl From Raleigh'),
('YGKdBkBuBZQ', 'The Avett Brothers sing "For Today"'),
('yGKj_yB5_PI', 'Disney''s Tarzan Son of Man 720p HD'),
('Yh2bC4c9ybY', 'Bolt - Barking at the moon Lyrics - Jenny Lewis - [HQ]+[HD]'),
('YhsTB4rq1XU', 'Lionel Richie - Stuck On You (with lyrics)'),
('YJBe8ftC4oI', 'Martina Stoessel - En Mi Mundo (from "Violetta")'),
('yJYXItns2ik', 'Count On Me - Bruno Mars Lyrics'),
('YkADj0TPrJA', 'Phil Collins - In The Air Tonight (Official Video)'),
('yKNxeF4KMsY', 'Coldplay - Yellow'),
('YlM93MlV-iE', 'And it Spread - The Avett Brothers 2008'),
('ymKLymvwD2U', 'Willow Smith - Whip My Hair'),
('YOWDZlIjSX8', 'Johnny Cash, Willie Nelson, Waylon Jennings and Kris Kristofferson - Highwayman (1985)'),
('YPYyyP69Mto', 'With a Smile and a Song - Snow White and the Seven Dwarfs'),
('YQl5SLEYGLA', 'Apink () - NoNoNo MV'),
('yRET1vsfiJM', 'The Aristocats: Thomas O''Malley'),
('Ys7-6_t7OEQ', 'Justin Bieber - Beauty And A Beat ft. Nicki Minaj'),
('YSn6UtZmBMo', 'The Avett Brothers- In the Curve'),
('yTCDVfMz15M', 'P!nk - Try'),
('yUV9JwiQLog', 'J Balvin, Farruko - 6 AM ft. Farruko'),
('yVdnvQsKyUs', 'Hunter Hayes featuring Jason Mraz - "Everybody''s Got Somebody But Me" [Official Video]'),
('yw04QD1LaB0', 'Nick Jonas - Jealous'),
('ywtJYvDBKek', 'Carrie Underwood - Undo It'),
('yXQViqx6GMY', 'Mariah Carey - All I Want For Christmas Is You'),
('yyDUC1LUXSU', 'Robin Thicke - Blurred Lines ft. T.I., Pharrell'),
('YYRbVRaphcI', 'Desireless - Voyage Voyage - ClubMusic80s'),
('YzgErzl2OBc', 'The Avett Brothers - Sanguine (Album Version)'),
('YziVpa8oZDg', 'Darkwing Duck (intro and outro)'),
('Z1VRIS-kZPI', 'I Swear - John Michael Montgomery (with lyrics)'),
('Z1ZKaR-9Kt4', 'Gusttavo Lima - Balada (Tch Tch Rere) [DVD Gusttavo Lima e Voc - Ao Vivo]'),
('z5W7DVFKrcs', 'Jennifer Lopez - Goin'' In ft. Flo Rida'),
('Z68_afdZGxs', 'Elton John  - The Bitch Is Back'),
('Z8eXaXoUJRQ', 'Selena Gomez - Slow Down (Official)'),
('ZaI2IlHwmgQ', 'The Black Eyed Peas - Pump It'),
('zB2gPZRsz0Q', 'Toy Story - Intro Song - "You''ve Got a Friend in Me"'),
('zBPBuR1Agrs', 'The Avett Brothers - Spanish Pipedream'),
('ZBtAiETTJBU', 'The Lion King II: Simba''s Pride - They Live In You'),
('zc8hbSM1zVo', 'The Killers - Read My Mind'),
('zCiKbnOv3Pk', 'Cheb Adjel Live 2012 Ntih 3lik win ma tkooni by Mhmd Brclne'),
('zCvgXw-Bh04', 'Alan Jackson - Sissy''s Song'),
('ZDB7dnR8wA0', 'I Dreamed a Dream'),
('zDj7hiQza2A', 'Carrie Underwood Look At me Lyrics'),
('zDKO6XYXioc', 'Boyz II Men - End Of The Road'),
('zGCyl_tIJDE', 'Easton Corbin - Are You With Me'),
('zgnHF2CwrPs', 'Hercules I can Go The Distance HD 720p'),
('Zgq6oXFE8m8', 'The Avett Brothers - Pretty Girl From Matthews'),
('ZhU_jZeSy9w', 'Rufus & Chaka Khan - Ain''t Nobody'),
('Zi_XLOBDo_Y', 'Michael Jackson - Billie Jean'),
('ZJL4UGSbeFg', 'Shania Twain - Man! I Feel Like A Woman'),
('zKCrSN9oXgQ', 'Chris Brown, Tyga - Ayo (Explicit)'),
('zkq2ET9ddLQ', 'Tommy Torres - Nunca Imagin [En Vivo] (Official Music Video)'),
('Zl3QnIksw1I', 'The Head and the Heart - Summertime'),
('zLFVNQjj30g', 'The Head and the Heart - Fire/Fear'),
('Zlot0i3Zykw', 'Taylor Swift - Red'),
('Zlv1rdcpS9M', 'Marry You - Bruno Mars Lyrics'),
('ZnUEDaeoF0Q', 'MULAN Bring honor to us all'),
('Zo0UfKqwB94', 'The Head and the Heart - Another Story [OFFICIAL LYRIC VIDEO]'),
('zPG1n1B0Ydw', 'Sugarland - Stay'),
('zPJQQeeYDYI', 'The Killers - Battle Born'),
('zplc4Ienkws', 'Reba McEntire - Fancy'),
('zPMN6Rw-Cn4', 'The Head and the Heart-Sounds like Hallelujah'),
('ZqzPvLy_Dk4', 'El Canto Del Loco - Tal Como Eres'),
('zRCsZ5a3aCM', 'Jason Derulo "Marry Me" (Official HD Music Video)'),
('zrmGp-VjlY4', 'Me and God-Avett Brothers'),
('ZsfIw7ZkEyc', 'Victorious Cast - Take A Hint (Lyric Video) ft. Victoria Justice, Elizabeth Gillies'),
('ZSM3w1v-A_Y', 'Timbaland - Apologize ft. OneRepublic'),
('zsmUOdmm02A', 'P!nk - True Love ft. Lily Allen'),
('zSWxMli6Xvw', 'Barack Obama Singing SexyBack by Justin Timberlake (ft. Joe Biden)'),
('zt32TIVadHQ', 'The Avett Brothers- Die Then Grow (With lyrics)'),
('ZtwJLDcZed0', 'Elton John - Border Song'),
('ZV1oQiRdoPc', 'Lee Brice - Drinking Class (Official Music Video)'),
('zV40NzkqJrw', 'Dierks Bentley - I Hold On'),
('zvCBSSwgtg4', 'The Lumineers - Ho Hey (Official Video)'),
('ZWgmtmIiomI', 'Life - The Avett Brothers'),
('ZWOPDbHXDgg', 'Flight of the navigator soundtrack- Theme'),
('ZWP7ZtVLPd4', 'Chris Young - Gettin'' You Home'),
('ZXF-QmIgL_g', 'The Avett Brothers - Sorry Man'),
('zxmjNF-9yeE', 'The Avett Brothers - Pretty Girl from San Diego'),
('ZxvI1epOAWE', 'HA-ASH - Te Dejo En Libertad (En Vivo)'),
('ZXYiFWmQtuA', 'Hank Williams - Jambalaya - Country Music Experience'),
('ZyhrYis509A', 'Aqua - Barbie Girl'),
('zyqt2avPkoA', 'Enrique Iglesias - No Me Digas Que No ft. Wisin, Yandel'),
('zYwCmcB0XMw', 'The Shins - New Slang [OFFICIAL VIDEO]'),
('zYXHS3OWdKo', 'Tyler Farr - Redneck Crazy'),
('ZzdYBkA2OuU', 'Are You Washed By Alan Jackson'),
('_0tTzPyg-7M', 'Taylor Swift - Breathe Lyrics'),
('_2hjqXQlq8U', 'Untitled Two'),
('_7gjwS13smI', 'Kip Moore - Hey Pretty Girl'),
('_9TShlMkQnc', 'Tim McGraw - Live Like You Were Dying (Official Music Video)'),
('_c6qseqO3mA', 'The Avett Brothers - Pretty Girl From Cedar Lane'),
('_ClIBoSL9z0', 'The Avett Brothers - Old Wyom'),
('_I1_5mSXinQ', 'Everybody Wants To Be A Cat (Sing Along Songs)'),
('_KlRznM81Jw', 'Keith Urban - Little Bit Of Everything'),
('_kqQDCxRCzM', 'One Direction - You & I'),
('_Lcnvd8BNFE', 'Steve Earle - Galway Girl'),
('_lkyqLhLXQ4', 'Dig a Little Deeper - Princess and the Frog'),
('_MOavH-Eivw', 'Maddie & Tae - Girl In A Country Song'),
('_qqvdOwoN-Y', 'Linda Ronstadt - Blue Bayou'),
('_sV0S8qWSy0', 'Ariana Grande - The Way ft. Mac Miller'),
('_VjPRDDXCz4', 'John Rzeznik - I''m Still Here (HQ) [Official]'),
('_wL3Pc-EmjA', 'HA-ASH - Perdn, Perdn'),
('_XIANQM3xm0', 'Kenny Chesney - Wild Child'),
('_Z5-P9v3F8w', 'Justin Bieber - Never Say Never ft. Jaden Smith'),
('__HPfmvaWRw', 'Kid Rock - Redneck Paradise (Remix) ft. Hank Williams Jr. [Music Video]');

--
-- Indexes for dumped tables
--

--
-- Indexes for table `playlists`
--
ALTER TABLE `playlists`
 ADD PRIMARY KEY (`playlistId`), ADD UNIQUE KEY `playlistId` (`playlistId`);

--
-- Indexes for table `playlists_videos_map`
--
ALTER TABLE `playlists_videos_map`
 ADD PRIMARY KEY (`playlist_id`,`video_id`);

--
-- Indexes for table `videos`
--
ALTER TABLE `videos`
 ADD PRIMARY KEY (`video_id`);

/*!40101 SET CHARACTER_SET_CLIENT=@OLD_CHARACTER_SET_CLIENT */;
/*!40101 SET CHARACTER_SET_RESULTS=@OLD_CHARACTER_SET_RESULTS */;
/*!40101 SET COLLATION_CONNECTION=@OLD_COLLATION_CONNECTION */;
